"","Date","Day","word"
"1",2021-06-19,"Day 0","cigar"
"2",2021-06-20,"Day 1","rebut"
"3",2021-06-21,"Day 2","sissy"
"4",2021-06-22,"Day 3","humph"
"5",2021-06-23,"Day 4","awake"
"6",2021-06-24,"Day 5","blush"
"7",2021-06-25,"Day 6","focal"
"8",2021-06-26,"Day 7","evade"
"9",2021-06-27,"Day 8","naval"
"10",2021-06-28,"Day 9","serve"
"11",2021-06-29,"Day 10","heath"
"12",2021-06-30,"Day 11","dwarf"
"13",2021-07-01,"Day 12","model"
"14",2021-07-02,"Day 13","karma"
"15",2021-07-03,"Day 14","stink"
"16",2021-07-04,"Day 15","grade"
"17",2021-07-05,"Day 16","quiet"
"18",2021-07-06,"Day 17","bench"
"19",2021-07-07,"Day 18","abate"
"20",2021-07-08,"Day 19","feign"
"21",2021-07-09,"Day 20","major"
"22",2021-07-10,"Day 21","death"
"23",2021-07-11,"Day 22","fresh"
"24",2021-07-12,"Day 23","crust"
"25",2021-07-13,"Day 24","stool"
"26",2021-07-14,"Day 25","colon"
"27",2021-07-15,"Day 26","abase"
"28",2021-07-16,"Day 27","marry"
"29",2021-07-17,"Day 28","react"
"30",2021-07-18,"Day 29","batty"
"31",2021-07-19,"Day 30","pride"
"32",2021-07-20,"Day 31","floss"
"33",2021-07-21,"Day 32","helix"
"34",2021-07-22,"Day 33","croak"
"35",2021-07-23,"Day 34","staff"
"36",2021-07-24,"Day 35","paper"
"37",2021-07-25,"Day 36","unfed"
"38",2021-07-26,"Day 37","whelp"
"39",2021-07-27,"Day 38","trawl"
"40",2021-07-28,"Day 39","outdo"
"41",2021-07-29,"Day 40","adobe"
"42",2021-07-30,"Day 41","crazy"
"43",2021-07-31,"Day 42","sower"
"44",2021-08-01,"Day 43","repay"
"45",2021-08-02,"Day 44","digit"
"46",2021-08-03,"Day 45","crate"
"47",2021-08-04,"Day 46","cluck"
"48",2021-08-05,"Day 47","spike"
"49",2021-08-06,"Day 48","mimic"
"50",2021-08-07,"Day 49","pound"
"51",2021-08-08,"Day 50","maxim"
"52",2021-08-09,"Day 51","linen"
"53",2021-08-10,"Day 52","unmet"
"54",2021-08-11,"Day 53","flesh"
"55",2021-08-12,"Day 54","booby"
"56",2021-08-13,"Day 55","forth"
"57",2021-08-14,"Day 56","first"
"58",2021-08-15,"Day 57","stand"
"59",2021-08-16,"Day 58","belly"
"60",2021-08-17,"Day 59","ivory"
"61",2021-08-18,"Day 60","seedy"
"62",2021-08-19,"Day 61","print"
"63",2021-08-20,"Day 62","yearn"
"64",2021-08-21,"Day 63","drain"
"65",2021-08-22,"Day 64","bribe"
"66",2021-08-23,"Day 65","stout"
"67",2021-08-24,"Day 66","panel"
"68",2021-08-25,"Day 67","crass"
"69",2021-08-26,"Day 68","flume"
"70",2021-08-27,"Day 69","offal"
"71",2021-08-28,"Day 70","agree"
"72",2021-08-29,"Day 71","error"
"73",2021-08-30,"Day 72","swirl"
"74",2021-08-31,"Day 73","argue"
"75",2021-09-01,"Day 74","bleed"
"76",2021-09-02,"Day 75","delta"
"77",2021-09-03,"Day 76","flick"
"78",2021-09-04,"Day 77","totem"
"79",2021-09-05,"Day 78","wooer"
"80",2021-09-06,"Day 79","front"
"81",2021-09-07,"Day 80","shrub"
"82",2021-09-08,"Day 81","parry"
"83",2021-09-09,"Day 82","biome"
"84",2021-09-10,"Day 83","lapel"
"85",2021-09-11,"Day 84","start"
"86",2021-09-12,"Day 85","greet"
"87",2021-09-13,"Day 86","goner"
"88",2021-09-14,"Day 87","golem"
"89",2021-09-15,"Day 88","lusty"
"90",2021-09-16,"Day 89","loopy"
"91",2021-09-17,"Day 90","round"
"92",2021-09-18,"Day 91","audit"
"93",2021-09-19,"Day 92","lying"
"94",2021-09-20,"Day 93","gamma"
"95",2021-09-21,"Day 94","labor"
"96",2021-09-22,"Day 95","islet"
"97",2021-09-23,"Day 96","civic"
"98",2021-09-24,"Day 97","forge"
"99",2021-09-25,"Day 98","corny"
"100",2021-09-26,"Day 99","moult"
"101",2021-09-27,"Day 100","basic"
"102",2021-09-28,"Day 101","salad"
"103",2021-09-29,"Day 102","agate"
"104",2021-09-30,"Day 103","spicy"
"105",2021-10-01,"Day 104","spray"
"106",2021-10-02,"Day 105","essay"
"107",2021-10-03,"Day 106","fjord"
"108",2021-10-04,"Day 107","spend"
"109",2021-10-05,"Day 108","kebab"
"110",2021-10-06,"Day 109","guild"
"111",2021-10-07,"Day 110","aback"
"112",2021-10-08,"Day 111","motor"
"113",2021-10-09,"Day 112","alone"
"114",2021-10-10,"Day 113","hatch"
"115",2021-10-11,"Day 114","hyper"
"116",2021-10-12,"Day 115","thumb"
"117",2021-10-13,"Day 116","dowry"
"118",2021-10-14,"Day 117","ought"
"119",2021-10-15,"Day 118","belch"
"120",2021-10-16,"Day 119","dutch"
"121",2021-10-17,"Day 120","pilot"
"122",2021-10-18,"Day 121","tweed"
"123",2021-10-19,"Day 122","comet"
"124",2021-10-20,"Day 123","jaunt"
"125",2021-10-21,"Day 124","enema"
"126",2021-10-22,"Day 125","steed"
"127",2021-10-23,"Day 126","abyss"
"128",2021-10-24,"Day 127","growl"
"129",2021-10-25,"Day 128","fling"
"130",2021-10-26,"Day 129","dozen"
"131",2021-10-27,"Day 130","boozy"
"132",2021-10-28,"Day 131","erode"
"133",2021-10-29,"Day 132","world"
"134",2021-10-30,"Day 133","gouge"
"135",2021-10-31,"Day 134","click"
"136",2021-11-01,"Day 135","briar"
"137",2021-11-02,"Day 136","great"
"138",2021-11-03,"Day 137","altar"
"139",2021-11-04,"Day 138","pulpy"
"140",2021-11-05,"Day 139","blurt"
"141",2021-11-06,"Day 140","coast"
"142",2021-11-07,"Day 141","duchy"
"143",2021-11-08,"Day 142","groin"
"144",2021-11-09,"Day 143","fixer"
"145",2021-11-10,"Day 144","group"
"146",2021-11-11,"Day 145","rogue"
"147",2021-11-12,"Day 146","badly"
"148",2021-11-13,"Day 147","smart"
"149",2021-11-14,"Day 148","pithy"
"150",2021-11-15,"Day 149","gaudy"
"151",2021-11-16,"Day 150","chill"
"152",2021-11-17,"Day 151","heron"
"153",2021-11-18,"Day 152","vodka"
"154",2021-11-19,"Day 153","finer"
"155",2021-11-20,"Day 154","surer"
"156",2021-11-21,"Day 155","radio"
"157",2021-11-22,"Day 156","rouge"
"158",2021-11-23,"Day 157","perch"
"159",2021-11-24,"Day 158","retch"
"160",2021-11-25,"Day 159","wrote"
"161",2021-11-26,"Day 160","clock"
"162",2021-11-27,"Day 161","tilde"
"163",2021-11-28,"Day 162","store"
"164",2021-11-29,"Day 163","prove"
"165",2021-11-30,"Day 164","bring"
"166",2021-12-01,"Day 165","solve"
"167",2021-12-02,"Day 166","cheat"
"168",2021-12-03,"Day 167","grime"
"169",2021-12-04,"Day 168","exult"
"170",2021-12-05,"Day 169","usher"
"171",2021-12-06,"Day 170","epoch"
"172",2021-12-07,"Day 171","triad"
"173",2021-12-08,"Day 172","break"
"174",2021-12-09,"Day 173","rhino"
"175",2021-12-10,"Day 174","viral"
"176",2021-12-11,"Day 175","conic"
"177",2021-12-12,"Day 176","masse"
"178",2021-12-13,"Day 177","sonic"
"179",2021-12-14,"Day 178","vital"
"180",2021-12-15,"Day 179","trace"
"181",2021-12-16,"Day 180","using"
"182",2021-12-17,"Day 181","peach"
"183",2021-12-18,"Day 182","champ"
"184",2021-12-19,"Day 183","baton"
"185",2021-12-20,"Day 184","brake"
"186",2021-12-21,"Day 185","pluck"
"187",2021-12-22,"Day 186","craze"
"188",2021-12-23,"Day 187","gripe"
"189",2021-12-24,"Day 188","weary"
"190",2021-12-25,"Day 189","picky"
"191",2021-12-26,"Day 190","acute"
"192",2021-12-27,"Day 191","ferry"
"193",2021-12-28,"Day 192","aside"
"194",2021-12-29,"Day 193","tapir"
"195",2021-12-30,"Day 194","troll"
"196",2021-12-31,"Day 195","unify"
"197",2022-01-01,"Day 196","rebus"
"198",2022-01-02,"Day 197","boost"
"199",2022-01-03,"Day 198","truss"
"200",2022-01-04,"Day 199","siege"
"201",2022-01-05,"Day 200","tiger"
"202",2022-01-06,"Day 201","banal"
"203",2022-01-07,"Day 202","slump"
"204",2022-01-08,"Day 203","crank"
"205",2022-01-09,"Day 204","gorge"
"206",2022-01-10,"Day 205","query"
"207",2022-01-11,"Day 206","drink"
"208",2022-01-12,"Day 207","favor"
"209",2022-01-13,"Day 208","abbey"
"210",2022-01-14,"Day 209","tangy"
"211",2022-01-15,"Day 210","panic"
"212",2022-01-16,"Day 211","solar"
"213",2022-01-17,"Day 212","shire"
"214",2022-01-18,"Day 213","proxy"
"215",2022-01-19,"Day 214","point"
"216",2022-01-20,"Day 215","robot"
"217",2022-01-21,"Day 216","prick"
"218",2022-01-22,"Day 217","wince"
"219",2022-01-23,"Day 218","crimp"
"220",2022-01-24,"Day 219","knoll"
"221",2022-01-25,"Day 220","sugar"
"222",2022-01-26,"Day 221","whack"
"223",2022-01-27,"Day 222","mount"
"224",2022-01-28,"Day 223","perky"
"225",2022-01-29,"Day 224","could"
"226",2022-01-30,"Day 225","wrung"
"227",2022-01-31,"Day 226","light"
"228",2022-02-01,"Day 227","those"
"229",2022-02-02,"Day 228","moist"
"230",2022-02-03,"Day 229","shard"
"231",2022-02-04,"Day 230","pleat"
"232",2022-02-05,"Day 231","aloft"
"233",2022-02-06,"Day 232","skill"
"234",2022-02-07,"Day 233","elder"
"235",2022-02-08,"Day 234","frame"
"236",2022-02-09,"Day 235","humor"
"237",2022-02-10,"Day 236","pause"
"238",2022-02-11,"Day 237","ulcer"
"239",2022-02-12,"Day 238","ultra"
"240",2022-02-13,"Day 239","robin"
"241",2022-02-14,"Day 240","cynic"
"242",2022-02-15,"Day 241","agora"
"243",2022-02-16,"Day 242","aroma"
"244",2022-02-17,"Day 243","caulk"
"245",2022-02-18,"Day 244","shake"
"246",2022-02-19,"Day 245","pupal"
"247",2022-02-20,"Day 246","dodge"
"248",2022-02-21,"Day 247","swill"
"249",2022-02-22,"Day 248","tacit"
"250",2022-02-23,"Day 249","other"
"251",2022-02-24,"Day 250","thorn"
"252",2022-02-25,"Day 251","trove"
"253",2022-02-26,"Day 252","bloke"
"254",2022-02-27,"Day 253","vivid"
"255",2022-02-28,"Day 254","spill"
"256",2022-03-01,"Day 255","chant"
"257",2022-03-02,"Day 256","choke"
"258",2022-03-03,"Day 257","rupee"
"259",2022-03-04,"Day 258","nasty"
"260",2022-03-05,"Day 259","mourn"
"261",2022-03-06,"Day 260","ahead"
"262",2022-03-07,"Day 261","brine"
"263",2022-03-08,"Day 262","cloth"
"264",2022-03-09,"Day 263","hoard"
"265",2022-03-10,"Day 264","sweet"
"266",2022-03-11,"Day 265","month"
"267",2022-03-12,"Day 266","lapse"
"268",2022-03-13,"Day 267","watch"
"269",2022-03-14,"Day 268","today"
"270",2022-03-15,"Day 269","focus"
"271",2022-03-16,"Day 270","smelt"
"272",2022-03-17,"Day 271","tease"
"273",2022-03-18,"Day 272","cater"
"274",2022-03-19,"Day 273","movie"
"275",2022-03-20,"Day 274","lynch"
"276",2022-03-21,"Day 275","saute"
"277",2022-03-22,"Day 276","allow"
"278",2022-03-23,"Day 277","renew"
"279",2022-03-24,"Day 278","their"
"280",2022-03-25,"Day 279","slosh"
"281",2022-03-26,"Day 280","purge"
"282",2022-03-27,"Day 281","chest"
"283",2022-03-28,"Day 282","depot"
"284",2022-03-29,"Day 283","epoxy"
"285",2022-03-30,"Day 284","nymph"
"286",2022-03-31,"Day 285","found"
"287",2022-04-01,"Day 286","shall"
"288",2022-04-02,"Day 287","harry"
"289",2022-04-03,"Day 288","stove"
"290",2022-04-04,"Day 289","lowly"
"291",2022-04-05,"Day 290","snout"
"292",2022-04-06,"Day 291","trope"
"293",2022-04-07,"Day 292","fewer"
"294",2022-04-08,"Day 293","shawl"
"295",2022-04-09,"Day 294","natal"
"296",2022-04-10,"Day 295","fibre"
"297",2022-04-11,"Day 296","comma"
"298",2022-04-12,"Day 297","foray"
"299",2022-04-13,"Day 298","scare"
"300",2022-04-14,"Day 299","stair"
"301",2022-04-15,"Day 300","black"
"302",2022-04-16,"Day 301","squad"
"303",2022-04-17,"Day 302","royal"
"304",2022-04-18,"Day 303","chunk"
"305",2022-04-19,"Day 304","mince"
"306",2022-04-20,"Day 305","slave"
"307",2022-04-21,"Day 306","shame"
"308",2022-04-22,"Day 307","cheek"
"309",2022-04-23,"Day 308","ample"
"310",2022-04-24,"Day 309","flair"
"311",2022-04-25,"Day 310","foyer"
"312",2022-04-26,"Day 311","cargo"
"313",2022-04-27,"Day 312","oxide"
"314",2022-04-28,"Day 313","plant"
"315",2022-04-29,"Day 314","olive"
"316",2022-04-30,"Day 315","inert"
"317",2022-05-01,"Day 316","askew"
"318",2022-05-02,"Day 317","heist"
"319",2022-05-03,"Day 318","shown"
"320",2022-05-04,"Day 319","zesty"
"321",2022-05-05,"Day 320","hasty"
"322",2022-05-06,"Day 321","trash"
"323",2022-05-07,"Day 322","fella"
"324",2022-05-08,"Day 323","larva"
"325",2022-05-09,"Day 324","forgo"
"326",2022-05-10,"Day 325","story"
"327",2022-05-11,"Day 326","hairy"
"328",2022-05-12,"Day 327","train"
"329",2022-05-13,"Day 328","homer"
"330",2022-05-14,"Day 329","badge"
"331",2022-05-15,"Day 330","midst"
"332",2022-05-16,"Day 331","canny"
"333",2022-05-17,"Day 332","fetus"
"334",2022-05-18,"Day 333","butch"
"335",2022-05-19,"Day 334","farce"
"336",2022-05-20,"Day 335","slung"
"337",2022-05-21,"Day 336","tipsy"
"338",2022-05-22,"Day 337","metal"
"339",2022-05-23,"Day 338","yield"
"340",2022-05-24,"Day 339","delve"
"341",2022-05-25,"Day 340","being"
"342",2022-05-26,"Day 341","scour"
"343",2022-05-27,"Day 342","glass"
"344",2022-05-28,"Day 343","gamer"
"345",2022-05-29,"Day 344","scrap"
"346",2022-05-30,"Day 345","money"
"347",2022-05-31,"Day 346","hinge"
"348",2022-06-01,"Day 347","album"
"349",2022-06-02,"Day 348","vouch"
"350",2022-06-03,"Day 349","asset"
"351",2022-06-04,"Day 350","tiara"
"352",2022-06-05,"Day 351","crept"
"353",2022-06-06,"Day 352","bayou"
"354",2022-06-07,"Day 353","atoll"
"355",2022-06-08,"Day 354","manor"
"356",2022-06-09,"Day 355","creak"
"357",2022-06-10,"Day 356","showy"
"358",2022-06-11,"Day 357","phase"
"359",2022-06-12,"Day 358","froth"
"360",2022-06-13,"Day 359","depth"
"361",2022-06-14,"Day 360","gloom"
"362",2022-06-15,"Day 361","flood"
"363",2022-06-16,"Day 362","trait"
"364",2022-06-17,"Day 363","girth"
"365",2022-06-18,"Day 364","piety"
"366",2022-06-19,"Day 365","payer"
"367",2022-06-20,"Day 366","goose"
"368",2022-06-21,"Day 367","float"
"369",2022-06-22,"Day 368","donor"
"370",2022-06-23,"Day 369","atone"
"371",2022-06-24,"Day 370","primo"
"372",2022-06-25,"Day 371","apron"
"373",2022-06-26,"Day 372","blown"
"374",2022-06-27,"Day 373","cacao"
"375",2022-06-28,"Day 374","loser"
"376",2022-06-29,"Day 375","input"
"377",2022-06-30,"Day 376","gloat"
"378",2022-07-01,"Day 377","awful"
"379",2022-07-02,"Day 378","brink"
"380",2022-07-03,"Day 379","smite"
"381",2022-07-04,"Day 380","beady"
"382",2022-07-05,"Day 381","rusty"
"383",2022-07-06,"Day 382","retro"
"384",2022-07-07,"Day 383","droll"
"385",2022-07-08,"Day 384","gawky"
"386",2022-07-09,"Day 385","hutch"
"387",2022-07-10,"Day 386","pinto"
"388",2022-07-11,"Day 387","gaily"
"389",2022-07-12,"Day 388","egret"
"390",2022-07-13,"Day 389","lilac"
"391",2022-07-14,"Day 390","sever"
"392",2022-07-15,"Day 391","field"
"393",2022-07-16,"Day 392","fluff"
"394",2022-07-17,"Day 393","hydro"
"395",2022-07-18,"Day 394","flack"
"396",2022-07-19,"Day 395","agape"
"397",2022-07-20,"Day 396","wench"
"398",2022-07-21,"Day 397","voice"
"399",2022-07-22,"Day 398","stead"
"400",2022-07-23,"Day 399","stalk"
"401",2022-07-24,"Day 400","berth"
"402",2022-07-25,"Day 401","madam"
"403",2022-07-26,"Day 402","night"
"404",2022-07-27,"Day 403","bland"
"405",2022-07-28,"Day 404","liver"
"406",2022-07-29,"Day 405","wedge"
"407",2022-07-30,"Day 406","augur"
"408",2022-07-31,"Day 407","roomy"
"409",2022-08-01,"Day 408","wacky"
"410",2022-08-02,"Day 409","flock"
"411",2022-08-03,"Day 410","angry"
"412",2022-08-04,"Day 411","bobby"
"413",2022-08-05,"Day 412","trite"
"414",2022-08-06,"Day 413","aphid"
"415",2022-08-07,"Day 414","tryst"
"416",2022-08-08,"Day 415","midge"
"417",2022-08-09,"Day 416","power"
"418",2022-08-10,"Day 417","elope"
"419",2022-08-11,"Day 418","cinch"
"420",2022-08-12,"Day 419","motto"
"421",2022-08-13,"Day 420","stomp"
"422",2022-08-14,"Day 421","upset"
"423",2022-08-15,"Day 422","bluff"
"424",2022-08-16,"Day 423","cramp"
"425",2022-08-17,"Day 424","quart"
"426",2022-08-18,"Day 425","coyly"
"427",2022-08-19,"Day 426","youth"
"428",2022-08-20,"Day 427","rhyme"
"429",2022-08-21,"Day 428","buggy"
"430",2022-08-22,"Day 429","alien"
"431",2022-08-23,"Day 430","smear"
"432",2022-08-24,"Day 431","unfit"
"433",2022-08-25,"Day 432","patty"
"434",2022-08-26,"Day 433","cling"
"435",2022-08-27,"Day 434","glean"
"436",2022-08-28,"Day 435","label"
"437",2022-08-29,"Day 436","hunky"
"438",2022-08-30,"Day 437","khaki"
"439",2022-08-31,"Day 438","poker"
"440",2022-09-01,"Day 439","gruel"
"441",2022-09-02,"Day 440","twice"
"442",2022-09-03,"Day 441","twang"
"443",2022-09-04,"Day 442","shrug"
"444",2022-09-05,"Day 443","treat"
"445",2022-09-06,"Day 444","unlit"
"446",2022-09-07,"Day 445","waste"
"447",2022-09-08,"Day 446","merit"
"448",2022-09-09,"Day 447","woven"
"449",2022-09-10,"Day 448","octal"
"450",2022-09-11,"Day 449","needy"
"451",2022-09-12,"Day 450","clown"
"452",2022-09-13,"Day 451","widow"
"453",2022-09-14,"Day 452","irony"
"454",2022-09-15,"Day 453","ruder"
"455",2022-09-16,"Day 454","gauze"
"456",2022-09-17,"Day 455","chief"
"457",2022-09-18,"Day 456","onset"
"458",2022-09-19,"Day 457","prize"
"459",2022-09-20,"Day 458","fungi"
"460",2022-09-21,"Day 459","charm"
"461",2022-09-22,"Day 460","gully"
"462",2022-09-23,"Day 461","inter"
"463",2022-09-24,"Day 462","whoop"
"464",2022-09-25,"Day 463","taunt"
"465",2022-09-26,"Day 464","leery"
"466",2022-09-27,"Day 465","class"
"467",2022-09-28,"Day 466","theme"
"468",2022-09-29,"Day 467","lofty"
"469",2022-09-30,"Day 468","tibia"
"470",2022-10-01,"Day 469","booze"
"471",2022-10-02,"Day 470","alpha"
"472",2022-10-03,"Day 471","thyme"
"473",2022-10-04,"Day 472","eclat"
"474",2022-10-05,"Day 473","doubt"
"475",2022-10-06,"Day 474","parer"
"476",2022-10-07,"Day 475","chute"
"477",2022-10-08,"Day 476","stick"
"478",2022-10-09,"Day 477","trice"
"479",2022-10-10,"Day 478","alike"
"480",2022-10-11,"Day 479","sooth"
"481",2022-10-12,"Day 480","recap"
"482",2022-10-13,"Day 481","saint"
"483",2022-10-14,"Day 482","liege"
"484",2022-10-15,"Day 483","glory"
"485",2022-10-16,"Day 484","grate"
"486",2022-10-17,"Day 485","admit"
"487",2022-10-18,"Day 486","brisk"
"488",2022-10-19,"Day 487","soggy"
"489",2022-10-20,"Day 488","usurp"
"490",2022-10-21,"Day 489","scald"
"491",2022-10-22,"Day 490","scorn"
"492",2022-10-23,"Day 491","leave"
"493",2022-10-24,"Day 492","twine"
"494",2022-10-25,"Day 493","sting"
"495",2022-10-26,"Day 494","bough"
"496",2022-10-27,"Day 495","marsh"
"497",2022-10-28,"Day 496","sloth"
"498",2022-10-29,"Day 497","dandy"
"499",2022-10-30,"Day 498","vigor"
"500",2022-10-31,"Day 499","howdy"
"501",2022-11-01,"Day 500","enjoy"
"502",2022-11-02,"Day 501","valid"
"503",2022-11-03,"Day 502","ionic"
"504",2022-11-04,"Day 503","equal"
"505",2022-11-05,"Day 504","unset"
"506",2022-11-06,"Day 505","floor"
"507",2022-11-07,"Day 506","catch"
"508",2022-11-08,"Day 507","spade"
"509",2022-11-09,"Day 508","stein"
"510",2022-11-10,"Day 509","exist"
"511",2022-11-11,"Day 510","quirk"
"512",2022-11-12,"Day 511","denim"
"513",2022-11-13,"Day 512","grove"
"514",2022-11-14,"Day 513","spiel"
"515",2022-11-15,"Day 514","mummy"
"516",2022-11-16,"Day 515","fault"
"517",2022-11-17,"Day 516","foggy"
"518",2022-11-18,"Day 517","flout"
"519",2022-11-19,"Day 518","carry"
"520",2022-11-20,"Day 519","sneak"
"521",2022-11-21,"Day 520","libel"
"522",2022-11-22,"Day 521","waltz"
"523",2022-11-23,"Day 522","aptly"
"524",2022-11-24,"Day 523","piney"
"525",2022-11-25,"Day 524","inept"
"526",2022-11-26,"Day 525","aloud"
"527",2022-11-27,"Day 526","photo"
"528",2022-11-28,"Day 527","dream"
"529",2022-11-29,"Day 528","stale"
"530",2022-11-30,"Day 529","vomit"
"531",2022-12-01,"Day 530","ombre"
"532",2022-12-02,"Day 531","fanny"
"533",2022-12-03,"Day 532","unite"
"534",2022-12-04,"Day 533","snarl"
"535",2022-12-05,"Day 534","baker"
"536",2022-12-06,"Day 535","there"
"537",2022-12-07,"Day 536","glyph"
"538",2022-12-08,"Day 537","pooch"
"539",2022-12-09,"Day 538","hippy"
"540",2022-12-10,"Day 539","spell"
"541",2022-12-11,"Day 540","folly"
"542",2022-12-12,"Day 541","louse"
"543",2022-12-13,"Day 542","gulch"
"544",2022-12-14,"Day 543","vault"
"545",2022-12-15,"Day 544","godly"
"546",2022-12-16,"Day 545","threw"
"547",2022-12-17,"Day 546","fleet"
"548",2022-12-18,"Day 547","grave"
"549",2022-12-19,"Day 548","inane"
"550",2022-12-20,"Day 549","shock"
"551",2022-12-21,"Day 550","crave"
"552",2022-12-22,"Day 551","spite"
"553",2022-12-23,"Day 552","valve"
"554",2022-12-24,"Day 553","skimp"
"555",2022-12-25,"Day 554","claim"
"556",2022-12-26,"Day 555","rainy"
"557",2022-12-27,"Day 556","musty"
"558",2022-12-28,"Day 557","pique"
"559",2022-12-29,"Day 558","daddy"
"560",2022-12-30,"Day 559","quasi"
"561",2022-12-31,"Day 560","arise"
"562",NA,"Day 560","dont"
"563",NA,"Day 560","repost"
"564",2023-01-01,"Day 561","aging"
"565",2023-01-02,"Day 562","valet"
"566",2023-01-03,"Day 563","opium"
"567",2023-01-04,"Day 564","avert"
"568",2023-01-05,"Day 565","stuck"
"569",2023-01-06,"Day 566","recut"
"570",2023-01-07,"Day 567","mulch"
"571",2023-01-08,"Day 568","genre"
"572",2023-01-09,"Day 569","plume"
"573",2023-01-10,"Day 570","rifle"
"574",2023-01-11,"Day 571","count"
"575",2023-01-12,"Day 572","incur"
"576",2023-01-13,"Day 573","total"
"577",2023-01-14,"Day 574","wrest"
"578",2023-01-15,"Day 575","mocha"
"579",2023-01-16,"Day 576","deter"
"580",2023-01-17,"Day 577","study"
"581",2023-01-18,"Day 578","lover"
"582",2023-01-19,"Day 579","safer"
"583",2023-01-20,"Day 580","rivet"
"584",2023-01-21,"Day 581","funny"
"585",2023-01-22,"Day 582","smoke"
"586",2023-01-23,"Day 583","mound"
"587",2023-01-24,"Day 584","undue"
"588",2023-01-25,"Day 585","sedan"
"589",2023-01-26,"Day 586","pagan"
"590",2023-01-27,"Day 587","swine"
"591",2023-01-28,"Day 588","guile"
"592",2023-01-29,"Day 589","gusty"
"593",2023-01-30,"Day 590","equip"
"594",2023-01-31,"Day 591","tough"
"595",2023-02-01,"Day 592","canoe"
"596",2023-02-02,"Day 593","chaos"
"597",2023-02-03,"Day 594","covet"
"598",2023-02-04,"Day 595","human"
"599",2023-02-05,"Day 596","udder"
"600",2023-02-06,"Day 597","lunch"
"601",2023-02-07,"Day 598","blast"
"602",2023-02-08,"Day 599","stray"
"603",2023-02-09,"Day 600","manga"
"604",2023-02-10,"Day 601","melee"
"605",2023-02-11,"Day 602","lefty"
"606",2023-02-12,"Day 603","quick"
"607",2023-02-13,"Day 604","paste"
"608",2023-02-14,"Day 605","given"
"609",2023-02-15,"Day 606","octet"
"610",2023-02-16,"Day 607","risen"
"611",2023-02-17,"Day 608","groan"
"612",2023-02-18,"Day 609","leaky"
"613",2023-02-19,"Day 610","grind"
"614",2023-02-20,"Day 611","carve"
"615",2023-02-21,"Day 612","loose"
"616",2023-02-22,"Day 613","sadly"
"617",2023-02-23,"Day 614","spilt"
"618",2023-02-24,"Day 615","apple"
"619",2023-02-25,"Day 616","slack"
"620",2023-02-26,"Day 617","honey"
"621",2023-02-27,"Day 618","final"
"622",2023-02-28,"Day 619","sheen"
"623",2023-03-01,"Day 620","eerie"
"624",2023-03-02,"Day 621","minty"
"625",2023-03-03,"Day 622","slick"
"626",2023-03-04,"Day 623","derby"
"627",2023-03-05,"Day 624","wharf"
"628",2023-03-06,"Day 625","spelt"
"629",2023-03-07,"Day 626","coach"
"630",2023-03-08,"Day 627","erupt"
"631",2023-03-09,"Day 628","singe"
"632",2023-03-10,"Day 629","price"
"633",2023-03-11,"Day 630","spawn"
"634",2023-03-12,"Day 631","fairy"
"635",2023-03-13,"Day 632","jiffy"
"636",2023-03-14,"Day 633","filmy"
"637",2023-03-15,"Day 634","stack"
"638",2023-03-16,"Day 635","chose"
"639",2023-03-17,"Day 636","sleep"
"640",2023-03-18,"Day 637","ardor"
"641",2023-03-19,"Day 638","nanny"
"642",2023-03-20,"Day 639","niece"
"643",2023-03-21,"Day 640","woozy"
"644",2023-03-22,"Day 641","handy"
"645",2023-03-23,"Day 642","grace"
"646",2023-03-24,"Day 643","ditto"
"647",2023-03-25,"Day 644","stank"
"648",2023-03-26,"Day 645","cream"
"649",2023-03-27,"Day 646","usual"
"650",2023-03-28,"Day 647","diode"
"651",2023-03-29,"Day 648","valor"
"652",2023-03-30,"Day 649","angle"
"653",2023-03-31,"Day 650","ninja"
"654",2023-04-01,"Day 651","muddy"
"655",2023-04-02,"Day 652","chase"
"656",2023-04-03,"Day 653","reply"
"657",2023-04-04,"Day 654","prone"
"658",2023-04-05,"Day 655","spoil"
"659",2023-04-06,"Day 656","heart"
"660",2023-04-07,"Day 657","shade"
"661",2023-04-08,"Day 658","diner"
"662",2023-04-09,"Day 659","arson"
"663",2023-04-10,"Day 660","onion"
"664",2023-04-11,"Day 661","sleet"
"665",2023-04-12,"Day 662","dowel"
"666",2023-04-13,"Day 663","couch"
"667",2023-04-14,"Day 664","palsy"
"668",2023-04-15,"Day 665","bowel"
"669",2023-04-16,"Day 666","smile"
"670",2023-04-17,"Day 667","evoke"
"671",2023-04-18,"Day 668","creek"
"672",2023-04-19,"Day 669","lance"
"673",2023-04-20,"Day 670","eagle"
"674",2023-04-21,"Day 671","idiot"
"675",2023-04-22,"Day 672","siren"
"676",2023-04-23,"Day 673","built"
"677",2023-04-24,"Day 674","embed"
"678",2023-04-25,"Day 675","award"
"679",2023-04-26,"Day 676","dross"
"680",2023-04-27,"Day 677","annul"
"681",2023-04-28,"Day 678","goody"
"682",2023-04-29,"Day 679","frown"
"683",2023-04-30,"Day 680","patio"
"684",2023-05-01,"Day 681","laden"
"685",2023-05-02,"Day 682","humid"
"686",2023-05-03,"Day 683","elite"
"687",2023-05-04,"Day 684","lymph"
"688",2023-05-05,"Day 685","edify"
"689",2023-05-06,"Day 686","might"
"690",2023-05-07,"Day 687","reset"
"691",2023-05-08,"Day 688","visit"
"692",2023-05-09,"Day 689","gusto"
"693",2023-05-10,"Day 690","purse"
"694",2023-05-11,"Day 691","vapor"
"695",2023-05-12,"Day 692","crock"
"696",2023-05-13,"Day 693","write"
"697",2023-05-14,"Day 694","sunny"
"698",2023-05-15,"Day 695","loath"
"699",2023-05-16,"Day 696","chaff"
"700",2023-05-17,"Day 697","slide"
"701",2023-05-18,"Day 698","queer"
"702",2023-05-19,"Day 699","venom"
"703",2023-05-20,"Day 700","stamp"
"704",2023-05-21,"Day 701","sorry"
"705",2023-05-22,"Day 702","still"
"706",2023-05-23,"Day 703","acorn"
"707",2023-05-24,"Day 704","aping"
"708",2023-05-25,"Day 705","pushy"
"709",2023-05-26,"Day 706","tamer"
"710",2023-05-27,"Day 707","hater"
"711",2023-05-28,"Day 708","mania"
"712",2023-05-29,"Day 709","awoke"
"713",2023-05-30,"Day 710","brawn"
"714",2023-05-31,"Day 711","swift"
"715",2023-06-01,"Day 712","exile"
"716",2023-06-02,"Day 713","birch"
"717",2023-06-03,"Day 714","lucky"
"718",2023-06-04,"Day 715","freer"
"719",2023-06-05,"Day 716","risky"
"720",2023-06-06,"Day 717","ghost"
"721",2023-06-07,"Day 718","plier"
"722",2023-06-08,"Day 719","lunar"
"723",2023-06-09,"Day 720","winch"
"724",2023-06-10,"Day 721","snare"
"725",2023-06-11,"Day 722","nurse"
"726",2023-06-12,"Day 723","house"
"727",2023-06-13,"Day 724","borax"
"728",2023-06-14,"Day 725","nicer"
"729",2023-06-15,"Day 726","lurch"
"730",2023-06-16,"Day 727","exalt"
"731",2023-06-17,"Day 728","about"
"732",2023-06-18,"Day 729","savvy"
"733",2023-06-19,"Day 730","toxin"
"734",2023-06-20,"Day 731","tunic"
"735",2023-06-21,"Day 732","pried"
"736",2023-06-22,"Day 733","inlay"
"737",2023-06-23,"Day 734","chump"
"738",2023-06-24,"Day 735","lanky"
"739",2023-06-25,"Day 736","cress"
"740",2023-06-26,"Day 737","eater"
"741",2023-06-27,"Day 738","elude"
"742",2023-06-28,"Day 739","cycle"
"743",2023-06-29,"Day 740","kitty"
"744",2023-06-30,"Day 741","boule"
"745",2023-07-01,"Day 742","moron"
"746",2023-07-02,"Day 743","tenet"
"747",2023-07-03,"Day 744","place"
"748",2023-07-04,"Day 745","lobby"
"749",2023-07-05,"Day 746","plush"
"750",2023-07-06,"Day 747","vigil"
"751",2023-07-07,"Day 748","index"
"752",2023-07-08,"Day 749","blink"
"753",2023-07-09,"Day 750","clung"
"754",2023-07-10,"Day 751","qualm"
"755",2023-07-11,"Day 752","croup"
"756",2023-07-12,"Day 753","clink"
"757",2023-07-13,"Day 754","juicy"
"758",2023-07-14,"Day 755","stage"
"759",2023-07-15,"Day 756","decay"
"760",2023-07-16,"Day 757","nerve"
"761",2023-07-17,"Day 758","flier"
"762",2023-07-18,"Day 759","shaft"
"763",2023-07-19,"Day 760","crook"
"764",2023-07-20,"Day 761","clean"
"765",2023-07-21,"Day 762","china"
"766",2023-07-22,"Day 763","ridge"
"767",2023-07-23,"Day 764","vowel"
"768",2023-07-24,"Day 765","gnome"
"769",2023-07-25,"Day 766","snuck"
"770",2023-07-26,"Day 767","icing"
"771",2023-07-27,"Day 768","spiny"
"772",2023-07-28,"Day 769","rigor"
"773",2023-07-29,"Day 770","snail"
"774",2023-07-30,"Day 771","flown"
"775",2023-07-31,"Day 772","rabid"
"776",2023-08-01,"Day 773","prose"
"777",2023-08-02,"Day 774","thank"
"778",2023-08-03,"Day 775","poppy"
"779",2023-08-04,"Day 776","budge"
"780",2023-08-05,"Day 777","fiber"
"781",2023-08-06,"Day 778","moldy"
"782",2023-08-07,"Day 779","dowdy"
"783",2023-08-08,"Day 780","kneel"
"784",2023-08-09,"Day 781","track"
"785",2023-08-10,"Day 782","caddy"
"786",2023-08-11,"Day 783","quell"
"787",2023-08-12,"Day 784","dumpy"
"788",2023-08-13,"Day 785","paler"
"789",2023-08-14,"Day 786","swore"
"790",2023-08-15,"Day 787","rebar"
"791",2023-08-16,"Day 788","scuba"
"792",2023-08-17,"Day 789","splat"
"793",2023-08-18,"Day 790","flyer"
"794",2023-08-19,"Day 791","horny"
"795",2023-08-20,"Day 792","mason"
"796",2023-08-21,"Day 793","doing"
"797",2023-08-22,"Day 794","ozone"
"798",2023-08-23,"Day 795","amply"
"799",2023-08-24,"Day 796","molar"
"800",2023-08-25,"Day 797","ovary"
"801",2023-08-26,"Day 798","beset"
"802",2023-08-27,"Day 799","queue"
"803",2023-08-28,"Day 800","cliff"
"804",2023-08-29,"Day 801","magic"
"805",2023-08-30,"Day 802","truce"
"806",2023-08-31,"Day 803","sport"
"807",2023-09-01,"Day 804","fritz"
"808",2023-09-02,"Day 805","edict"
"809",2023-09-03,"Day 806","twirl"
"810",2023-09-04,"Day 807","verse"
"811",2023-09-05,"Day 808","llama"
"812",2023-09-06,"Day 809","eaten"
"813",2023-09-07,"Day 810","range"
"814",2023-09-08,"Day 811","whisk"
"815",2023-09-09,"Day 812","hovel"
"816",2023-09-10,"Day 813","rehab"
"817",2023-09-11,"Day 814","macaw"
"818",2023-09-12,"Day 815","sigma"
"819",2023-09-13,"Day 816","spout"
"820",2023-09-14,"Day 817","verve"
"821",2023-09-15,"Day 818","sushi"
"822",2023-09-16,"Day 819","dying"
"823",2023-09-17,"Day 820","fetid"
"824",2023-09-18,"Day 821","brain"
"825",2023-09-19,"Day 822","buddy"
"826",2023-09-20,"Day 823","thump"
"827",2023-09-21,"Day 824","scion"
"828",2023-09-22,"Day 825","candy"
"829",2023-09-23,"Day 826","chord"
"830",2023-09-24,"Day 827","basin"
"831",2023-09-25,"Day 828","march"
"832",2023-09-26,"Day 829","crowd"
"833",2023-09-27,"Day 830","arbor"
"834",2023-09-28,"Day 831","gayly"
"835",2023-09-29,"Day 832","musky"
"836",2023-09-30,"Day 833","stain"
"837",2023-10-01,"Day 834","dally"
"838",2023-10-02,"Day 835","bless"
"839",2023-10-03,"Day 836","bravo"
"840",2023-10-04,"Day 837","stung"
"841",2023-10-05,"Day 838","title"
"842",2023-10-06,"Day 839","ruler"
"843",2023-10-07,"Day 840","kiosk"
"844",2023-10-08,"Day 841","blond"
"845",2023-10-09,"Day 842","ennui"
"846",2023-10-10,"Day 843","layer"
"847",2023-10-11,"Day 844","fluid"
"848",2023-10-12,"Day 845","tatty"
"849",2023-10-13,"Day 846","score"
"850",2023-10-14,"Day 847","cutie"
"851",2023-10-15,"Day 848","zebra"
"852",2023-10-16,"Day 849","barge"
"853",2023-10-17,"Day 850","matey"
"854",2023-10-18,"Day 851","bluer"
"855",2023-10-19,"Day 852","aider"
"856",2023-10-20,"Day 853","shook"
"857",2023-10-21,"Day 854","river"
"858",2023-10-22,"Day 855","privy"
"859",2023-10-23,"Day 856","betel"
"860",2023-10-24,"Day 857","frisk"
"861",2023-10-25,"Day 858","bongo"
"862",2023-10-26,"Day 859","begun"
"863",2023-10-27,"Day 860","azure"
"864",2023-10-28,"Day 861","weave"
"865",2023-10-29,"Day 862","genie"
"866",2023-10-30,"Day 863","sound"
"867",2023-10-31,"Day 864","glove"
"868",2023-11-01,"Day 865","braid"
"869",2023-11-02,"Day 866","scope"
"870",2023-11-03,"Day 867","wryly"
"871",2023-11-04,"Day 868","rover"
"872",2023-11-05,"Day 869","assay"
"873",2023-11-06,"Day 870","ocean"
"874",2023-11-07,"Day 871","bloom"
"875",2023-11-08,"Day 872","irate"
"876",2023-11-09,"Day 873","later"
"877",2023-11-10,"Day 874","woken"
"878",2023-11-11,"Day 875","silky"
"879",2023-11-12,"Day 876","wreck"
"880",2023-11-13,"Day 877","dwelt"
"881",2023-11-14,"Day 878","slate"
"882",2023-11-15,"Day 879","smack"
"883",2023-11-16,"Day 880","solid"
"884",2023-11-17,"Day 881","amaze"
"885",2023-11-18,"Day 882","hazel"
"886",2023-11-19,"Day 883","wrist"
"887",2023-11-20,"Day 884","jolly"
"888",2023-11-21,"Day 885","globe"
"889",2023-11-22,"Day 886","flint"
"890",2023-11-23,"Day 887","rouse"
"891",2023-11-24,"Day 888","civil"
"892",2023-11-25,"Day 889","vista"
"893",2023-11-26,"Day 890","relax"
"894",2023-11-27,"Day 891","cover"
"895",2023-11-28,"Day 892","alive"
"896",2023-11-29,"Day 893","beech"
"897",2023-11-30,"Day 894","jetty"
"898",2023-12-01,"Day 895","bliss"
"899",2023-12-02,"Day 896","vocal"
"900",2023-12-03,"Day 897","often"
"901",2023-12-04,"Day 898","dolly"
"902",2023-12-05,"Day 899","eight"
"903",2023-12-06,"Day 900","joker"
"904",2023-12-07,"Day 901","since"
"905",2023-12-08,"Day 902","event"
"906",2023-12-09,"Day 903","ensue"
"907",2023-12-10,"Day 904","shunt"
"908",2023-12-11,"Day 905","diver"
"909",2023-12-12,"Day 906","poser"
"910",2023-12-13,"Day 907","worst"
"911",2023-12-14,"Day 908","sweep"
"912",2023-12-15,"Day 909","alley"
"913",2023-12-16,"Day 910","creed"
"914",2023-12-17,"Day 911","anime"
"915",2023-12-18,"Day 912","leafy"
"916",2023-12-19,"Day 913","bosom"
"917",2023-12-20,"Day 914","dunce"
"918",2023-12-21,"Day 915","stare"
"919",2023-12-22,"Day 916","pudgy"
"920",2023-12-23,"Day 917","waive"
"921",2023-12-24,"Day 918","choir"
"922",2023-12-25,"Day 919","stood"
"923",2023-12-26,"Day 920","spoke"
"924",2023-12-27,"Day 921","outgo"
"925",2023-12-28,"Day 922","delay"
"926",2023-12-29,"Day 923","bilge"
"927",2023-12-30,"Day 924","ideal"
"928",2023-12-31,"Day 925","clasp"
"929",2024-01-01,"Day 926","seize"
"930",2024-01-02,"Day 927","hotly"
"931",2024-01-03,"Day 928","laugh"
"932",2024-01-04,"Day 929","sieve"
"933",2024-01-05,"Day 930","block"
"934",2024-01-06,"Day 931","meant"
"935",2024-01-07,"Day 932","grape"
"936",2024-01-08,"Day 933","noose"
"937",2024-01-09,"Day 934","hardy"
"938",2024-01-10,"Day 935","shied"
"939",2024-01-11,"Day 936","drawl"
"940",2024-01-12,"Day 937","daisy"
"941",2024-01-13,"Day 938","putty"
"942",2024-01-14,"Day 939","strut"
"943",2024-01-15,"Day 940","burnt"
"944",2024-01-16,"Day 941","tulip"
"945",2024-01-17,"Day 942","crick"
"946",2024-01-18,"Day 943","idyll"
"947",2024-01-19,"Day 944","vixen"
"948",2024-01-20,"Day 945","furor"
"949",2024-01-21,"Day 946","geeky"
"950",2024-01-22,"Day 947","cough"
"951",2024-01-23,"Day 948","naive"
"952",2024-01-24,"Day 949","shoal"
"953",2024-01-25,"Day 950","stork"
"954",2024-01-26,"Day 951","bathe"
"955",2024-01-27,"Day 952","aunty"
"956",2024-01-28,"Day 953","check"
"957",2024-01-29,"Day 954","prime"
"958",2024-01-30,"Day 955","brass"
"959",2024-01-31,"Day 956","outer"
"960",2024-02-01,"Day 957","furry"
"961",2024-02-02,"Day 958","razor"
"962",2024-02-03,"Day 959","elect"
"963",2024-02-04,"Day 960","evict"
"964",2024-02-05,"Day 961","imply"
"965",2024-02-06,"Day 962","demur"
"966",2024-02-07,"Day 963","quota"
"967",2024-02-08,"Day 964","haven"
"968",2024-02-09,"Day 965","cavil"
"969",2024-02-10,"Day 966","swear"
"970",2024-02-11,"Day 967","crump"
"971",2024-02-12,"Day 968","dough"
"972",2024-02-13,"Day 969","gavel"
"973",2024-02-14,"Day 970","wagon"
"974",2024-02-15,"Day 971","salon"
"975",2024-02-16,"Day 972","nudge"
"976",2024-02-17,"Day 973","harem"
"977",2024-02-18,"Day 974","pitch"
"978",2024-02-19,"Day 975","sworn"
"979",2024-02-20,"Day 976","pupil"
"980",2024-02-21,"Day 977","excel"
"981",2024-02-22,"Day 978","stony"
"982",2024-02-23,"Day 979","cabin"
"983",2024-02-24,"Day 980","unzip"
"984",2024-02-25,"Day 981","queen"
"985",2024-02-26,"Day 982","trout"
"986",2024-02-27,"Day 983","polyp"
"987",2024-02-28,"Day 984","earth"
"988",2024-02-29,"Day 985","storm"
"989",2024-03-01,"Day 986","until"
"990",2024-03-02,"Day 987","taper"
"991",2024-03-03,"Day 988","enter"
"992",2024-03-04,"Day 989","child"
"993",2024-03-05,"Day 990","adopt"
"994",2024-03-06,"Day 991","minor"
"995",2024-03-07,"Day 992","fatty"
"996",2024-03-08,"Day 993","husky"
"997",2024-03-09,"Day 994","brave"
"998",2024-03-10,"Day 995","filet"
"999",2024-03-11,"Day 996","slime"
"1000",2024-03-12,"Day 997","glint"
"1001",2024-03-13,"Day 998","tread"
"1002",2024-03-14,"Day 999","steal"
"1003",2024-03-15,"Day 1000","regal"
"1004",2024-03-16,"Day 1001","guest"
"1005",2024-03-17,"Day 1002","every"
"1006",2024-03-18,"Day 1003","murky"
"1007",2024-03-19,"Day 1004","share"
"1008",2024-03-20,"Day 1005","spore"
"1009",2024-03-21,"Day 1006","hoist"
"1010",2024-03-22,"Day 1007","buxom"
"1011",2024-03-23,"Day 1008","inner"
"1012",2024-03-24,"Day 1009","otter"
"1013",2024-03-25,"Day 1010","dimly"
"1014",2024-03-26,"Day 1011","level"
"1015",2024-03-27,"Day 1012","sumac"
"1016",2024-03-28,"Day 1013","donut"
"1017",2024-03-29,"Day 1014","stilt"
"1018",2024-03-30,"Day 1015","arena"
"1019",2024-03-31,"Day 1016","sheet"
"1020",2024-04-01,"Day 1017","scrub"
"1021",2024-04-02,"Day 1018","fancy"
"1022",2024-04-03,"Day 1019","slimy"
"1023",2024-04-04,"Day 1020","pearl"
"1024",2024-04-05,"Day 1021","silly"
"1025",2024-04-06,"Day 1022","porch"
"1026",2024-04-07,"Day 1023","dingo"
"1027",2024-04-08,"Day 1024","sepia"
"1028",2024-04-09,"Day 1025","amble"
"1029",2024-04-10,"Day 1026","shady"
"1030",2024-04-11,"Day 1027","bread"
"1031",2024-04-12,"Day 1028","friar"
"1032",2024-04-13,"Day 1029","reign"
"1033",2024-04-14,"Day 1030","dairy"
"1034",2024-04-15,"Day 1031","quill"
"1035",2024-04-16,"Day 1032","cross"
"1036",2024-04-17,"Day 1033","brood"
"1037",2024-04-18,"Day 1034","tuber"
"1038",2024-04-19,"Day 1035","shear"
"1039",2024-04-20,"Day 1036","posit"
"1040",2024-04-21,"Day 1037","blank"
"1041",2024-04-22,"Day 1038","villa"
"1042",2024-04-23,"Day 1039","shank"
"1043",2024-04-24,"Day 1040","piggy"
"1044",2024-04-25,"Day 1041","freak"
"1045",2024-04-26,"Day 1042","which"
"1046",2024-04-27,"Day 1043","among"
"1047",2024-04-28,"Day 1044","fecal"
"1048",2024-04-29,"Day 1045","shell"
"1049",2024-04-30,"Day 1046","would"
"1050",2024-05-01,"Day 1047","algae"
"1051",2024-05-02,"Day 1048","large"
"1052",2024-05-03,"Day 1049","rabbi"
"1053",2024-05-04,"Day 1050","agony"
"1054",2024-05-05,"Day 1051","amuse"
"1055",2024-05-06,"Day 1052","bushy"
"1056",2024-05-07,"Day 1053","copse"
"1057",2024-05-08,"Day 1054","swoon"
"1058",2024-05-09,"Day 1055","knife"
"1059",2024-05-10,"Day 1056","pouch"
"1060",2024-05-11,"Day 1057","ascot"
"1061",2024-05-12,"Day 1058","plane"
"1062",2024-05-13,"Day 1059","crown"
"1063",2024-05-14,"Day 1060","urban"
"1064",2024-05-15,"Day 1061","snide"
"1065",2024-05-16,"Day 1062","relay"
"1066",2024-05-17,"Day 1063","abide"
"1067",2024-05-18,"Day 1064","viola"
"1068",2024-05-19,"Day 1065","rajah"
"1069",2024-05-20,"Day 1066","straw"
"1070",2024-05-21,"Day 1067","dilly"
"1071",2024-05-22,"Day 1068","crash"
"1072",2024-05-23,"Day 1069","amass"
"1073",2024-05-24,"Day 1070","third"
"1074",2024-05-25,"Day 1071","trick"
"1075",2024-05-26,"Day 1072","tutor"
"1076",2024-05-27,"Day 1073","woody"
"1077",2024-05-28,"Day 1074","blurb"
"1078",2024-05-29,"Day 1075","grief"
"1079",2024-05-30,"Day 1076","disco"
"1080",2024-05-31,"Day 1077","where"
"1081",2024-06-01,"Day 1078","sassy"
"1082",2024-06-02,"Day 1079","beach"
"1083",2024-06-03,"Day 1080","sauna"
"1084",2024-06-04,"Day 1081","comic"
"1085",2024-06-05,"Day 1082","clued"
"1086",2024-06-06,"Day 1083","creep"
"1087",2024-06-07,"Day 1084","caste"
"1088",2024-06-08,"Day 1085","graze"
"1089",2024-06-09,"Day 1086","snuff"
"1090",2024-06-10,"Day 1087","frock"
"1091",2024-06-11,"Day 1088","gonad"
"1092",2024-06-12,"Day 1089","drunk"
"1093",2024-06-13,"Day 1090","prong"
"1094",2024-06-14,"Day 1091","lurid"
"1095",2024-06-15,"Day 1092","steel"
"1096",2024-06-16,"Day 1093","halve"
"1097",2024-06-17,"Day 1094","buyer"
"1098",2024-06-18,"Day 1095","vinyl"
"1099",2024-06-19,"Day 1096","utile"
"1100",2024-06-20,"Day 1097","smell"
"1101",2024-06-21,"Day 1098","adage"
"1102",2024-06-22,"Day 1099","worry"
"1103",2024-06-23,"Day 1100","tasty"
"1104",2024-06-24,"Day 1101","local"
"1105",2024-06-25,"Day 1102","trade"
"1106",2024-06-26,"Day 1103","finch"
"1107",2024-06-27,"Day 1104","ashen"
"1108",2024-06-28,"Day 1105","modal"
"1109",2024-06-29,"Day 1106","gaunt"
"1110",2024-06-30,"Day 1107","clove"
"1111",2024-07-01,"Day 1108","enact"
"1112",2024-07-02,"Day 1109","adorn"
"1113",2024-07-03,"Day 1110","roast"
"1114",2024-07-04,"Day 1111","speck"
"1115",2024-07-05,"Day 1112","sheik"
"1116",2024-07-06,"Day 1113","missy"
"1117",2024-07-07,"Day 1114","grunt"
"1118",2024-07-08,"Day 1115","snoop"
"1119",2024-07-09,"Day 1116","party"
"1120",2024-07-10,"Day 1117","touch"
"1121",2024-07-11,"Day 1118","mafia"
"1122",2024-07-12,"Day 1119","emcee"
"1123",2024-07-13,"Day 1120","array"
"1124",2024-07-14,"Day 1121","south"
"1125",2024-07-15,"Day 1122","vapid"
"1126",2024-07-16,"Day 1123","jelly"
"1127",2024-07-17,"Day 1124","skulk"
"1128",2024-07-18,"Day 1125","angst"
"1129",2024-07-19,"Day 1126","tubal"
"1130",2024-07-20,"Day 1127","lower"
"1131",2024-07-21,"Day 1128","crest"
"1132",2024-07-22,"Day 1129","sweat"
"1133",2024-07-23,"Day 1130","cyber"
"1134",2024-07-24,"Day 1131","adore"
"1135",2024-07-25,"Day 1132","tardy"
"1136",2024-07-26,"Day 1133","swami"
"1137",2024-07-27,"Day 1134","notch"
"1138",2024-07-28,"Day 1135","groom"
"1139",2024-07-29,"Day 1136","roach"
"1140",2024-07-30,"Day 1137","hitch"
"1141",2024-07-31,"Day 1138","young"
"1142",2024-08-01,"Day 1139","align"
"1143",2024-08-02,"Day 1140","ready"
"1144",2024-08-03,"Day 1141","frond"
"1145",2024-08-04,"Day 1142","strap"
"1146",2024-08-05,"Day 1143","puree"
"1147",2024-08-06,"Day 1144","realm"
"1148",2024-08-07,"Day 1145","venue"
"1149",2024-08-08,"Day 1146","swarm"
"1150",2024-08-09,"Day 1147","offer"
"1151",2024-08-10,"Day 1148","seven"
"1152",2024-08-11,"Day 1149","dryer"
"1153",2024-08-12,"Day 1150","diary"
"1154",2024-08-13,"Day 1151","dryly"
"1155",2024-08-14,"Day 1152","drank"
"1156",2024-08-15,"Day 1153","acrid"
"1157",2024-08-16,"Day 1154","heady"
"1158",2024-08-17,"Day 1155","theta"
"1159",2024-08-18,"Day 1156","junto"
"1160",2024-08-19,"Day 1157","pixie"
"1161",2024-08-20,"Day 1158","quoth"
"1162",2024-08-21,"Day 1159","bonus"
"1163",2024-08-22,"Day 1160","shalt"
"1164",2024-08-23,"Day 1161","penne"
"1165",2024-08-24,"Day 1162","amend"
"1166",2024-08-25,"Day 1163","datum"
"1167",2024-08-26,"Day 1164","build"
"1168",2024-08-27,"Day 1165","piano"
"1169",2024-08-28,"Day 1166","shelf"
"1170",2024-08-29,"Day 1167","lodge"
"1171",2024-08-30,"Day 1168","suing"
"1172",2024-08-31,"Day 1169","rearm"
"1173",2024-09-01,"Day 1170","coral"
"1174",2024-09-02,"Day 1171","ramen"
"1175",2024-09-03,"Day 1172","worth"
"1176",2024-09-04,"Day 1173","psalm"
"1177",2024-09-05,"Day 1174","infer"
"1178",2024-09-06,"Day 1175","overt"
"1179",2024-09-07,"Day 1176","mayor"
"1180",2024-09-08,"Day 1177","ovoid"
"1181",2024-09-09,"Day 1178","glide"
"1182",2024-09-10,"Day 1179","usage"
"1183",2024-09-11,"Day 1180","poise"
"1184",2024-09-12,"Day 1181","randy"
"1185",2024-09-13,"Day 1182","chuck"
"1186",2024-09-14,"Day 1183","prank"
"1187",2024-09-15,"Day 1184","fishy"
"1188",2024-09-16,"Day 1185","tooth"
"1189",2024-09-17,"Day 1186","ether"
"1190",2024-09-18,"Day 1187","drove"
"1191",2024-09-19,"Day 1188","idler"
"1192",2024-09-20,"Day 1189","swath"
"1193",2024-09-21,"Day 1190","stint"
"1194",2024-09-22,"Day 1191","while"
"1195",2024-09-23,"Day 1192","begat"
"1196",2024-09-24,"Day 1193","apply"
"1197",2024-09-25,"Day 1194","slang"
"1198",2024-09-26,"Day 1195","tarot"
"1199",2024-09-27,"Day 1196","radar"
"1200",2024-09-28,"Day 1197","credo"
"1201",2024-09-29,"Day 1198","aware"
"1202",2024-09-30,"Day 1199","canon"
"1203",2024-10-01,"Day 1200","shift"
"1204",2024-10-02,"Day 1201","timer"
"1205",2024-10-03,"Day 1202","bylaw"
"1206",2024-10-04,"Day 1203","serum"
"1207",2024-10-05,"Day 1204","three"
"1208",2024-10-06,"Day 1205","steak"
"1209",2024-10-07,"Day 1206","iliac"
"1210",2024-10-08,"Day 1207","shirk"
"1211",2024-10-09,"Day 1208","blunt"
"1212",2024-10-10,"Day 1209","puppy"
"1213",2024-10-11,"Day 1210","penal"
"1214",2024-10-12,"Day 1211","joist"
"1215",2024-10-13,"Day 1212","bunny"
"1216",2024-10-14,"Day 1213","shape"
"1217",2024-10-15,"Day 1214","beget"
"1218",2024-10-16,"Day 1215","wheel"
"1219",2024-10-17,"Day 1216","adept"
"1220",2024-10-18,"Day 1217","stunt"
"1221",2024-10-19,"Day 1218","stole"
"1222",2024-10-20,"Day 1219","topaz"
"1223",2024-10-21,"Day 1220","chore"
"1224",2024-10-22,"Day 1221","fluke"
"1225",2024-10-23,"Day 1222","afoot"
"1226",2024-10-24,"Day 1223","bloat"
"1227",2024-10-25,"Day 1224","bully"
"1228",2024-10-26,"Day 1225","dense"
"1229",2024-10-27,"Day 1226","caper"
"1230",2024-10-28,"Day 1227","sneer"
"1231",2024-10-29,"Day 1228","boxer"
"1232",2024-10-30,"Day 1229","jumbo"
"1233",2024-10-31,"Day 1230","lunge"
"1234",2024-11-01,"Day 1231","space"
"1235",2024-11-02,"Day 1232","avail"
"1236",2024-11-03,"Day 1233","short"
"1237",2024-11-04,"Day 1234","slurp"
"1238",2024-11-05,"Day 1235","loyal"
"1239",2024-11-06,"Day 1236","flirt"
"1240",2024-11-07,"Day 1237","pizza"
"1241",2024-11-08,"Day 1238","conch"
"1242",2024-11-09,"Day 1239","tempo"
"1243",2024-11-10,"Day 1240","droop"
"1244",2024-11-11,"Day 1241","plate"
"1245",2024-11-12,"Day 1242","bible"
"1246",2024-11-13,"Day 1243","plunk"
"1247",2024-11-14,"Day 1244","afoul"
"1248",2024-11-15,"Day 1245","savoy"
"1249",2024-11-16,"Day 1246","steep"
"1250",2024-11-17,"Day 1247","agile"
"1251",2024-11-18,"Day 1248","stake"
"1252",2024-11-19,"Day 1249","dwell"
"1253",2024-11-20,"Day 1250","knave"
"1254",2024-11-21,"Day 1251","beard"
"1255",2024-11-22,"Day 1252","arose"
"1256",2024-11-23,"Day 1253","motif"
"1257",2024-11-24,"Day 1254","smash"
"1258",2024-11-25,"Day 1255","broil"
"1259",2024-11-26,"Day 1256","glare"
"1260",2024-11-27,"Day 1257","shove"
"1261",2024-11-28,"Day 1258","baggy"
"1262",2024-11-29,"Day 1259","mammy"
"1263",2024-11-30,"Day 1260","swamp"
"1264",2024-12-01,"Day 1261","along"
"1265",2024-12-02,"Day 1262","rugby"
"1266",2024-12-03,"Day 1263","wager"
"1267",2024-12-04,"Day 1264","quack"
"1268",2024-12-05,"Day 1265","squat"
"1269",2024-12-06,"Day 1266","snaky"
"1270",2024-12-07,"Day 1267","debit"
"1271",2024-12-08,"Day 1268","mange"
"1272",2024-12-09,"Day 1269","skate"
"1273",2024-12-10,"Day 1270","ninth"
"1274",2024-12-11,"Day 1271","joust"
"1275",2024-12-12,"Day 1272","tramp"
"1276",2024-12-13,"Day 1273","spurn"
"1277",2024-12-14,"Day 1274","medal"
"1278",2024-12-15,"Day 1275","micro"
"1279",2024-12-16,"Day 1276","rebel"
"1280",2024-12-17,"Day 1277","flank"
"1281",2024-12-18,"Day 1278","learn"
"1282",2024-12-19,"Day 1279","nadir"
"1283",2024-12-20,"Day 1280","maple"
"1284",2024-12-21,"Day 1281","comfy"
"1285",2024-12-22,"Day 1282","remit"
"1286",2024-12-23,"Day 1283","gruff"
"1287",2024-12-24,"Day 1284","ester"
"1288",2024-12-25,"Day 1285","least"
"1289",2024-12-26,"Day 1286","mogul"
"1290",2024-12-27,"Day 1287","fetch"
"1291",2024-12-28,"Day 1288","cause"
"1292",2024-12-29,"Day 1289","oaken"
"1293",2024-12-30,"Day 1290","aglow"
"1294",2024-12-31,"Day 1291","meaty"
"1295",2025-01-01,"Day 1292","gaffe"
"1296",2025-01-02,"Day 1293","shyly"
"1297",2025-01-03,"Day 1294","racer"
"1298",2025-01-04,"Day 1295","prowl"
"1299",2025-01-05,"Day 1296","thief"
"1300",2025-01-06,"Day 1297","stern"
"1301",2025-01-07,"Day 1298","poesy"
"1302",2025-01-08,"Day 1299","rocky"
"1303",2025-01-09,"Day 1300","tweet"
"1304",2025-01-10,"Day 1301","waist"
"1305",2025-01-11,"Day 1302","spire"
"1306",2025-01-12,"Day 1303","grope"
"1307",2025-01-13,"Day 1304","havoc"
"1308",2025-01-14,"Day 1305","patsy"
"1309",2025-01-15,"Day 1306","truly"
"1310",2025-01-16,"Day 1307","forty"
"1311",2025-01-17,"Day 1308","deity"
"1312",2025-01-18,"Day 1309","uncle"
"1313",2025-01-19,"Day 1310","swish"
"1314",2025-01-20,"Day 1311","giver"
"1315",2025-01-21,"Day 1312","preen"
"1316",2025-01-22,"Day 1313","bevel"
"1317",2025-01-23,"Day 1314","lemur"
"1318",2025-01-24,"Day 1315","draft"
"1319",2025-01-25,"Day 1316","slope"
"1320",2025-01-26,"Day 1317","annoy"
"1321",2025-01-27,"Day 1318","lingo"
"1322",2025-01-28,"Day 1319","bleak"
"1323",2025-01-29,"Day 1320","ditty"
"1324",2025-01-30,"Day 1321","curly"
"1325",2025-01-31,"Day 1322","cedar"
"1326",2025-02-01,"Day 1323","dirge"
"1327",2025-02-02,"Day 1324","grown"
"1328",2025-02-03,"Day 1325","horde"
"1329",2025-02-04,"Day 1326","drool"
"1330",2025-02-05,"Day 1327","shuck"
"1331",2025-02-06,"Day 1328","crypt"
"1332",2025-02-07,"Day 1329","cumin"
"1333",2025-02-08,"Day 1330","stock"
"1334",2025-02-09,"Day 1331","gravy"
"1335",2025-02-10,"Day 1332","locus"
"1336",2025-02-11,"Day 1333","wider"
"1337",2025-02-12,"Day 1334","breed"
"1338",2025-02-13,"Day 1335","quite"
"1339",2025-02-14,"Day 1336","chafe"
"1340",2025-02-15,"Day 1337","cache"
"1341",2025-02-16,"Day 1338","blimp"
"1342",2025-02-17,"Day 1339","deign"
"1343",2025-02-18,"Day 1340","fiend"
"1344",2025-02-19,"Day 1341","logic"
"1345",2025-02-20,"Day 1342","cheap"
"1346",2025-02-21,"Day 1343","elide"
"1347",2025-02-22,"Day 1344","rigid"
"1348",2025-02-23,"Day 1345","false"
"1349",2025-02-24,"Day 1346","renal"
"1350",2025-02-25,"Day 1347","pence"
"1351",2025-02-26,"Day 1348","rowdy"
"1352",2025-02-27,"Day 1349","shoot"
"1353",2025-02-28,"Day 1350","blaze"
"1354",2025-03-01,"Day 1351","envoy"
"1355",2025-03-02,"Day 1352","posse"
"1356",2025-03-03,"Day 1353","brief"
"1357",2025-03-04,"Day 1354","never"
"1358",2025-03-05,"Day 1355","abort"
"1359",2025-03-06,"Day 1356","mouse"
"1360",2025-03-07,"Day 1357","mucky"
"1361",2025-03-08,"Day 1358","sulky"
"1362",2025-03-09,"Day 1359","fiery"
"1363",2025-03-10,"Day 1360","media"
"1364",2025-03-11,"Day 1361","trunk"
"1365",2025-03-12,"Day 1362","yeast"
"1366",2025-03-13,"Day 1363","clear"
"1367",2025-03-14,"Day 1364","skunk"
"1368",2025-03-15,"Day 1365","scalp"
"1369",2025-03-16,"Day 1366","bitty"
"1370",2025-03-17,"Day 1367","cider"
"1371",2025-03-18,"Day 1368","koala"
"1372",2025-03-19,"Day 1369","duvet"
"1373",2025-03-20,"Day 1370","segue"
"1374",2025-03-21,"Day 1371","creme"
"1375",2025-03-22,"Day 1372","super"
"1376",2025-03-23,"Day 1373","grill"
"1377",2025-03-24,"Day 1374","after"
"1378",2025-03-25,"Day 1375","owner"
"1379",2025-03-26,"Day 1376","ember"
"1380",2025-03-27,"Day 1377","reach"
"1381",2025-03-28,"Day 1378","nobly"
"1382",2025-03-29,"Day 1379","empty"
"1383",2025-03-30,"Day 1380","speed"
"1384",2025-03-31,"Day 1381","gipsy"
"1385",2025-04-01,"Day 1382","recur"
"1386",2025-04-02,"Day 1383","smock"
"1387",2025-04-03,"Day 1384","dread"
"1388",2025-04-04,"Day 1385","merge"
"1389",2025-04-05,"Day 1386","burst"
"1390",2025-04-06,"Day 1387","kappa"
"1391",2025-04-07,"Day 1388","amity"
"1392",2025-04-08,"Day 1389","shaky"
"1393",2025-04-09,"Day 1390","hover"
"1394",2025-04-10,"Day 1391","carol"
"1395",2025-04-11,"Day 1392","snort"
"1396",2025-04-12,"Day 1393","synod"
"1397",2025-04-13,"Day 1394","faint"
"1398",2025-04-14,"Day 1395","haunt"
"1399",2025-04-15,"Day 1396","flour"
"1400",2025-04-16,"Day 1397","chair"
"1401",2025-04-17,"Day 1398","detox"
"1402",2025-04-18,"Day 1399","shrew"
"1403",2025-04-19,"Day 1400","tense"
"1404",2025-04-20,"Day 1401","plied"
"1405",2025-04-21,"Day 1402","quark"
"1406",2025-04-22,"Day 1403","burly"
"1407",2025-04-23,"Day 1404","novel"
"1408",2025-04-24,"Day 1405","waxen"
"1409",2025-04-25,"Day 1406","stoic"
"1410",2025-04-26,"Day 1407","jerky"
"1411",2025-04-27,"Day 1408","blitz"
"1412",2025-04-28,"Day 1409","beefy"
"1413",2025-04-29,"Day 1410","lyric"
"1414",2025-04-30,"Day 1411","hussy"
"1415",2025-05-01,"Day 1412","towel"
"1416",2025-05-02,"Day 1413","quilt"
"1417",2025-05-03,"Day 1414","below"
"1418",2025-05-04,"Day 1415","bingo"
"1419",2025-05-05,"Day 1416","wispy"
"1420",2025-05-06,"Day 1417","brash"
"1421",2025-05-07,"Day 1418","scone"
"1422",2025-05-08,"Day 1419","toast"
"1423",2025-05-09,"Day 1420","easel"
"1424",2025-05-10,"Day 1421","saucy"
"1425",2025-05-11,"Day 1422","value"
"1426",2025-05-12,"Day 1423","spice"
"1427",2025-05-13,"Day 1424","honor"
"1428",2025-05-14,"Day 1425","route"
"1429",2025-05-15,"Day 1426","sharp"
"1430",2025-05-16,"Day 1427","bawdy"
"1431",2025-05-17,"Day 1428","radii"
"1432",2025-05-18,"Day 1429","skull"
"1433",2025-05-19,"Day 1430","phony"
"1434",2025-05-20,"Day 1431","issue"
"1435",2025-05-21,"Day 1432","lager"
"1436",2025-05-22,"Day 1433","swell"
"1437",2025-05-23,"Day 1434","urine"
"1438",2025-05-24,"Day 1435","gassy"
"1439",2025-05-25,"Day 1436","trial"
"1440",2025-05-26,"Day 1437","flora"
"1441",2025-05-27,"Day 1438","upper"
"1442",2025-05-28,"Day 1439","latch"
"1443",2025-05-29,"Day 1440","wight"
"1444",2025-05-30,"Day 1441","brick"
"1445",2025-05-31,"Day 1442","retry"
"1446",2025-06-01,"Day 1443","holly"
"1447",2025-06-02,"Day 1444","decal"
"1448",2025-06-03,"Day 1445","grass"
"1449",2025-06-04,"Day 1446","shack"
"1450",2025-06-05,"Day 1447","dogma"
"1451",2025-06-06,"Day 1448","mover"
"1452",2025-06-07,"Day 1449","defer"
"1453",2025-06-08,"Day 1450","sober"
"1454",2025-06-09,"Day 1451","optic"
"1455",2025-06-10,"Day 1452","crier"
"1456",2025-06-11,"Day 1453","vying"
"1457",2025-06-12,"Day 1454","nomad"
"1458",2025-06-13,"Day 1455","flute"
"1459",2025-06-14,"Day 1456","hippo"
"1460",2025-06-15,"Day 1457","shark"
"1461",2025-06-16,"Day 1458","drier"
"1462",2025-06-17,"Day 1459","obese"
"1463",2025-06-18,"Day 1460","bugle"
"1464",2025-06-19,"Day 1461","tawny"
"1465",2025-06-20,"Day 1462","chalk"
"1466",2025-06-21,"Day 1463","feast"
"1467",2025-06-22,"Day 1464","ruddy"
"1468",2025-06-23,"Day 1465","pedal"
"1469",2025-06-24,"Day 1466","scarf"
"1470",2025-06-25,"Day 1467","cruel"
"1471",2025-06-26,"Day 1468","bleat"
"1472",2025-06-27,"Day 1469","tidal"
"1473",2025-06-28,"Day 1470","slush"
"1474",2025-06-29,"Day 1471","semen"
"1475",2025-06-30,"Day 1472","windy"
"1476",2025-07-01,"Day 1473","dusty"
"1477",2025-07-02,"Day 1474","sally"
"1478",2025-07-03,"Day 1475","igloo"
"1479",2025-07-04,"Day 1476","nerdy"
"1480",2025-07-05,"Day 1477","jewel"
"1481",2025-07-06,"Day 1478","shone"
"1482",2025-07-07,"Day 1479","whale"
"1483",2025-07-08,"Day 1480","hymen"
"1484",2025-07-09,"Day 1481","abuse"
"1485",2025-07-10,"Day 1482","fugue"
"1486",2025-07-11,"Day 1483","elbow"
"1487",2025-07-12,"Day 1484","crumb"
"1488",2025-07-13,"Day 1485","pansy"
"1489",2025-07-14,"Day 1486","welsh"
"1490",2025-07-15,"Day 1487","syrup"
"1491",2025-07-16,"Day 1488","terse"
"1492",2025-07-17,"Day 1489","suave"
"1493",2025-07-18,"Day 1490","gamut"
"1494",2025-07-19,"Day 1491","swung"
"1495",2025-07-20,"Day 1492","drake"
"1496",2025-07-21,"Day 1493","freed"
"1497",2025-07-22,"Day 1494","afire"
"1498",2025-07-23,"Day 1495","shirt"
"1499",2025-07-24,"Day 1496","grout"
"1500",2025-07-25,"Day 1497","oddly"
"1501",2025-07-26,"Day 1498","tithe"
"1502",2025-07-27,"Day 1499","plaid"
"1503",2025-07-28,"Day 1500","dummy"
"1504",2025-07-29,"Day 1501","broom"
"1505",2025-07-30,"Day 1502","blind"
"1506",2025-07-31,"Day 1503","torch"
"1507",2025-08-01,"Day 1504","enemy"
"1508",2025-08-02,"Day 1505","again"
"1509",2025-08-03,"Day 1506","tying"
"1510",2025-08-04,"Day 1507","pesky"
"1511",2025-08-05,"Day 1508","alter"
"1512",2025-08-06,"Day 1509","gazer"
"1513",2025-08-07,"Day 1510","noble"
"1514",2025-08-08,"Day 1511","ethos"
"1515",2025-08-09,"Day 1512","bride"
"1516",2025-08-10,"Day 1513","extol"
"1517",2025-08-11,"Day 1514","decor"
"1518",2025-08-12,"Day 1515","hobby"
"1519",2025-08-13,"Day 1516","beast"
"1520",2025-08-14,"Day 1517","idiom"
"1521",2025-08-15,"Day 1518","utter"
"1522",2025-08-16,"Day 1519","these"
"1523",2025-08-17,"Day 1520","sixth"
"1524",2025-08-18,"Day 1521","alarm"
"1525",2025-08-19,"Day 1522","erase"
"1526",2025-08-20,"Day 1523","elegy"
"1527",2025-08-21,"Day 1524","spunk"
"1528",2025-08-22,"Day 1525","piper"
"1529",2025-08-23,"Day 1526","scaly"
"1530",2025-08-24,"Day 1527","scold"
"1531",2025-08-25,"Day 1528","hefty"
"1532",2025-08-26,"Day 1529","chick"
"1533",2025-08-27,"Day 1530","sooty"
"1534",2025-08-28,"Day 1531","canal"
"1535",2025-08-29,"Day 1532","whiny"
"1536",2025-08-30,"Day 1533","slash"
"1537",2025-08-31,"Day 1534","quake"
"1538",2025-09-01,"Day 1535","joint"
"1539",2025-09-02,"Day 1536","swept"
"1540",2025-09-03,"Day 1537","prude"
"1541",2025-09-04,"Day 1538","heavy"
"1542",2025-09-05,"Day 1539","wield"
"1543",2025-09-06,"Day 1540","femme"
"1544",2025-09-07,"Day 1541","lasso"
"1545",2025-09-08,"Day 1542","maize"
"1546",2025-09-09,"Day 1543","shale"
"1547",2025-09-10,"Day 1544","screw"
"1548",2025-09-11,"Day 1545","spree"
"1549",2025-09-12,"Day 1546","smoky"
"1550",2025-09-13,"Day 1547","whiff"
"1551",2025-09-14,"Day 1548","scent"
"1552",2025-09-15,"Day 1549","glade"
"1553",2025-09-16,"Day 1550","spent"
"1554",2025-09-17,"Day 1551","prism"
"1555",2025-09-18,"Day 1552","stoke"
"1556",2025-09-19,"Day 1553","riper"
"1557",2025-09-20,"Day 1554","orbit"
"1558",2025-09-21,"Day 1555","cocoa"
"1559",2025-09-22,"Day 1556","guilt"
"1560",2025-09-23,"Day 1557","humus"
"1561",2025-09-24,"Day 1558","shush"
"1562",2025-09-25,"Day 1559","table"
"1563",2025-09-26,"Day 1560","smirk"
"1564",2025-09-27,"Day 1561","wrong"
"1565",2025-09-28,"Day 1562","noisy"
"1566",2025-09-29,"Day 1563","alert"
"1567",2025-09-30,"Day 1564","shiny"
"1568",2025-10-01,"Day 1565","elate"
"1569",2025-10-02,"Day 1566","resin"
"1570",2025-10-03,"Day 1567","whole"
"1571",2025-10-04,"Day 1568","hunch"
"1572",2025-10-05,"Day 1569","pixel"
"1573",2025-10-06,"Day 1570","polar"
"1574",2025-10-07,"Day 1571","hotel"
"1575",2025-10-08,"Day 1572","sword"
"1576",2025-10-09,"Day 1573","cleat"
"1577",2025-10-10,"Day 1574","mango"
"1578",2025-10-11,"Day 1575","rumba"
"1579",2025-10-12,"Day 1576","puffy"
"1580",2025-10-13,"Day 1577","filly"
"1581",2025-10-14,"Day 1578","billy"
"1582",2025-10-15,"Day 1579","leash"
"1583",2025-10-16,"Day 1580","clout"
"1584",2025-10-17,"Day 1581","dance"
"1585",2025-10-18,"Day 1582","ovate"
"1586",2025-10-19,"Day 1583","facet"
"1587",2025-10-20,"Day 1584","chili"
"1588",2025-10-21,"Day 1585","paint"
"1589",2025-10-22,"Day 1586","liner"
"1590",2025-10-23,"Day 1587","curio"
"1591",2025-10-24,"Day 1588","salty"
"1592",2025-10-25,"Day 1589","audio"
"1593",2025-10-26,"Day 1590","snake"
"1594",2025-10-27,"Day 1591","fable"
"1595",2025-10-28,"Day 1592","cloak"
"1596",2025-10-29,"Day 1593","navel"
"1597",2025-10-30,"Day 1594","spurt"
"1598",2025-10-31,"Day 1595","pesto"
"1599",2025-11-01,"Day 1596","balmy"
"1600",2025-11-02,"Day 1597","flash"
"1601",2025-11-03,"Day 1598","unwed"
"1602",2025-11-04,"Day 1599","early"
"1603",2025-11-05,"Day 1600","churn"
"1604",2025-11-06,"Day 1601","weedy"
"1605",2025-11-07,"Day 1602","stump"
"1606",2025-11-08,"Day 1603","lease"
"1607",2025-11-09,"Day 1604","witty"
"1608",2025-11-10,"Day 1605","wimpy"
"1609",2025-11-11,"Day 1606","spoof"
"1610",2025-11-12,"Day 1607","saner"
"1611",2025-11-13,"Day 1608","blend"
"1612",2025-11-14,"Day 1609","salsa"
"1613",2025-11-15,"Day 1610","thick"
"1614",2025-11-16,"Day 1611","warty"
"1615",2025-11-17,"Day 1612","manic"
"1616",2025-11-18,"Day 1613","blare"
"1617",2025-11-19,"Day 1614","squib"
"1618",2025-11-20,"Day 1615","spoon"
"1619",2025-11-21,"Day 1616","probe"
"1620",2025-11-22,"Day 1617","crepe"
"1621",2025-11-23,"Day 1618","knack"
"1622",2025-11-24,"Day 1619","force"
"1623",2025-11-25,"Day 1620","debut"
"1624",2025-11-26,"Day 1621","order"
"1625",2025-11-27,"Day 1622","haste"
"1626",2025-11-28,"Day 1623","teeth"
"1627",2025-11-29,"Day 1624","agent"
"1628",2025-11-30,"Day 1625","widen"
"1629",2025-12-01,"Day 1626","icily"
"1630",2025-12-02,"Day 1627","slice"
"1631",2025-12-03,"Day 1628","ingot"
"1632",2025-12-04,"Day 1629","clash"
"1633",2025-12-05,"Day 1630","juror"
"1634",2025-12-06,"Day 1631","blood"
"1635",2025-12-07,"Day 1632","abode"
"1636",2025-12-08,"Day 1633","throw"
"1637",2025-12-09,"Day 1634","unity"
"1638",2025-12-10,"Day 1635","pivot"
"1639",2025-12-11,"Day 1636","slept"
"1640",2025-12-12,"Day 1637","troop"
"1641",2025-12-13,"Day 1638","spare"
"1642",2025-12-14,"Day 1639","sewer"
"1643",2025-12-15,"Day 1640","parse"
"1644",2025-12-16,"Day 1641","morph"
"1645",2025-12-17,"Day 1642","cacti"
"1646",2025-12-18,"Day 1643","tacky"
"1647",2025-12-19,"Day 1644","spool"
"1648",2025-12-20,"Day 1645","demon"
"1649",2025-12-21,"Day 1646","moody"
"1650",2025-12-22,"Day 1647","annex"
"1651",2025-12-23,"Day 1648","begin"
"1652",2025-12-24,"Day 1649","fuzzy"
"1653",2025-12-25,"Day 1650","patch"
"1654",2025-12-26,"Day 1651","water"
"1655",2025-12-27,"Day 1652","lumpy"
"1656",2025-12-28,"Day 1653","admin"
"1657",2025-12-29,"Day 1654","omega"
"1658",2025-12-30,"Day 1655","limit"
"1659",2025-12-31,"Day 1656","tabby"
"1660",2026-01-01,"Day 1657","macho"
"1661",2026-01-02,"Day 1658","aisle"
"1662",2026-01-03,"Day 1659","skiff"
"1663",2026-01-04,"Day 1660","basis"
"1664",2026-01-05,"Day 1661","plank"
"1665",2026-01-06,"Day 1662","verge"
"1666",2026-01-07,"Day 1663","botch"
"1667",2026-01-08,"Day 1664","crawl"
"1668",2026-01-09,"Day 1665","lousy"
"1669",2026-01-10,"Day 1666","slain"
"1670",2026-01-11,"Day 1667","cubic"
"1671",2026-01-12,"Day 1668","raise"
"1672",2026-01-13,"Day 1669","wrack"
"1673",2026-01-14,"Day 1670","guide"
"1674",2026-01-15,"Day 1671","foist"
"1675",2026-01-16,"Day 1672","cameo"
"1676",2026-01-17,"Day 1673","under"
"1677",2026-01-18,"Day 1674","actor"
"1678",2026-01-19,"Day 1675","revue"
"1679",2026-01-20,"Day 1676","fraud"
"1680",2026-01-21,"Day 1677","harpy"
"1681",2026-01-22,"Day 1678","scoop"
"1682",2026-01-23,"Day 1679","climb"
"1683",2026-01-24,"Day 1680","refer"
"1684",2026-01-25,"Day 1681","olden"
"1685",2026-01-26,"Day 1682","clerk"
"1686",2026-01-27,"Day 1683","debar"
"1687",2026-01-28,"Day 1684","tally"
"1688",2026-01-29,"Day 1685","ethic"
"1689",2026-01-30,"Day 1686","cairn"
"1690",2026-01-31,"Day 1687","tulle"
"1691",2026-02-01,"Day 1688","ghoul"
"1692",2026-02-02,"Day 1689","hilly"
"1693",2026-02-03,"Day 1690","crude"
"1694",2026-02-04,"Day 1691","apart"
"1695",2026-02-05,"Day 1692","scale"
"1696",2026-02-06,"Day 1693","older"
"1697",2026-02-07,"Day 1694","plain"
"1698",2026-02-08,"Day 1695","sperm"
"1699",2026-02-09,"Day 1696","briny"
"1700",2026-02-10,"Day 1697","abbot"
"1701",2026-02-11,"Day 1698","rerun"
"1702",2026-02-12,"Day 1699","quest"
"1703",2026-02-13,"Day 1700","crisp"
"1704",2026-02-14,"Day 1701","bound"
"1705",2026-02-15,"Day 1702","befit"
"1706",2026-02-16,"Day 1703","drawn"
"1707",2026-02-17,"Day 1704","suite"
"1708",2026-02-18,"Day 1705","itchy"
"1709",2026-02-19,"Day 1706","cheer"
"1710",2026-02-20,"Day 1707","bagel"
"1711",2026-02-21,"Day 1708","guess"
"1712",2026-02-22,"Day 1709","broad"
"1713",2026-02-23,"Day 1710","axiom"
"1714",2026-02-24,"Day 1711","chard"
"1715",2026-02-25,"Day 1712","caput"
"1716",2026-02-26,"Day 1713","leant"
"1717",2026-02-27,"Day 1714","harsh"
"1718",2026-02-28,"Day 1715","curse"
"1719",2026-03-01,"Day 1716","proud"
"1720",2026-03-02,"Day 1717","swing"
"1721",2026-03-03,"Day 1718","opine"
"1722",2026-03-04,"Day 1719","taste"
"1723",2026-03-05,"Day 1720","lupus"
"1724",2026-03-06,"Day 1721","gumbo"
"1725",2026-03-07,"Day 1722","miner"
"1726",2026-03-08,"Day 1723","green"
"1727",2026-03-09,"Day 1724","chasm"
"1728",2026-03-10,"Day 1725","lipid"
"1729",2026-03-11,"Day 1726","topic"
"1730",2026-03-12,"Day 1727","armor"
"1731",2026-03-13,"Day 1728","brush"
"1732",2026-03-14,"Day 1729","crane"
"1733",2026-03-15,"Day 1730","mural"
"1734",2026-03-16,"Day 1731","abled"
"1735",2026-03-17,"Day 1732","habit"
"1736",2026-03-18,"Day 1733","bossy"
"1737",2026-03-19,"Day 1734","maker"
"1738",2026-03-20,"Day 1735","dusky"
"1739",2026-03-21,"Day 1736","dizzy"
"1740",2026-03-22,"Day 1737","lithe"
"1741",2026-03-23,"Day 1738","brook"
"1742",2026-03-24,"Day 1739","jazzy"
"1743",2026-03-25,"Day 1740","fifty"
"1744",2026-03-26,"Day 1741","sense"
"1745",2026-03-27,"Day 1742","giant"
"1746",2026-03-28,"Day 1743","surly"
"1747",2026-03-29,"Day 1744","legal"
"1748",2026-03-30,"Day 1745","fatal"
"1749",2026-03-31,"Day 1746","flunk"
"1750",2026-04-01,"Day 1747","began"
"1751",2026-04-02,"Day 1748","prune"
"1752",2026-04-03,"Day 1749","small"
"1753",2026-04-04,"Day 1750","slant"
"1754",2026-04-05,"Day 1751","scoff"
"1755",2026-04-06,"Day 1752","torus"
"1756",2026-04-07,"Day 1753","ninny"
"1757",2026-04-08,"Day 1754","covey"
"1758",2026-04-09,"Day 1755","viper"
"1759",2026-04-10,"Day 1756","taken"
"1760",2026-04-11,"Day 1757","moral"
"1761",2026-04-12,"Day 1758","vogue"
"1762",2026-04-13,"Day 1759","owing"
"1763",2026-04-14,"Day 1760","token"
"1764",2026-04-15,"Day 1761","entry"
"1765",2026-04-16,"Day 1762","booth"
"1766",2026-04-17,"Day 1763","voter"
"1767",2026-04-18,"Day 1764","chide"
"1768",2026-04-19,"Day 1765","elfin"
"1769",2026-04-20,"Day 1766","ebony"
"1770",2026-04-21,"Day 1767","neigh"
"1771",2026-04-22,"Day 1768","minim"
"1772",2026-04-23,"Day 1769","melon"
"1773",2026-04-24,"Day 1770","kneed"
"1774",2026-04-25,"Day 1771","decoy"
"1775",2026-04-26,"Day 1772","voila"
"1776",2026-04-27,"Day 1773","ankle"
"1777",2026-04-28,"Day 1774","arrow"
"1778",2026-04-29,"Day 1775","mushy"
"1779",2026-04-30,"Day 1776","tribe"
"1780",2026-05-01,"Day 1777","cease"
"1781",2026-05-02,"Day 1778","eager"
"1782",2026-05-03,"Day 1779","birth"
"1783",2026-05-04,"Day 1780","graph"
"1784",2026-05-05,"Day 1781","odder"
"1785",2026-05-06,"Day 1782","terra"
"1786",2026-05-07,"Day 1783","weird"
"1787",2026-05-08,"Day 1784","tried"
"1788",2026-05-09,"Day 1785","clack"
"1789",2026-05-10,"Day 1786","color"
"1790",2026-05-11,"Day 1787","rough"
"1791",2026-05-12,"Day 1788","weigh"
"1792",2026-05-13,"Day 1789","uncut"
"1793",2026-05-14,"Day 1790","ladle"
"1794",2026-05-15,"Day 1791","strip"
"1795",2026-05-16,"Day 1792","craft"
"1796",2026-05-17,"Day 1793","minus"
"1797",2026-05-18,"Day 1794","dicey"
"1798",2026-05-19,"Day 1795","titan"
"1799",2026-05-20,"Day 1796","lucid"
"1800",2026-05-21,"Day 1797","vicar"
"1801",2026-05-22,"Day 1798","dress"
"1802",2026-05-23,"Day 1799","ditch"
"1803",2026-05-24,"Day 1800","gypsy"
"1804",2026-05-25,"Day 1801","pasta"
"1805",2026-05-26,"Day 1802","taffy"
"1806",2026-05-27,"Day 1803","flame"
"1807",2026-05-28,"Day 1804","swoop"
"1808",2026-05-29,"Day 1805","aloof"
"1809",2026-05-30,"Day 1806","sight"
"1810",2026-05-31,"Day 1807","broke"
"1811",2026-06-01,"Day 1808","teary"
"1812",2026-06-02,"Day 1809","chart"
"1813",2026-06-03,"Day 1810","sixty"
"1814",2026-06-04,"Day 1811","wordy"
"1815",2026-06-05,"Day 1812","sheer"
"1816",2026-06-06,"Day 1813","leper"
"1817",2026-06-07,"Day 1814","nosey"
"1818",2026-06-08,"Day 1815","bulge"
"1819",2026-06-09,"Day 1816","savor"
"1820",2026-06-10,"Day 1817","clamp"
"1821",2026-06-11,"Day 1818","funky"
"1822",2026-06-12,"Day 1819","foamy"
"1823",2026-06-13,"Day 1820","toxic"
"1824",2026-06-14,"Day 1821","brand"
"1825",2026-06-15,"Day 1822","plumb"
"1826",2026-06-16,"Day 1823","dingy"
"1827",2026-06-17,"Day 1824","butte"
"1828",2026-06-18,"Day 1825","drill"
"1829",2026-06-19,"Day 1826","tripe"
"1830",2026-06-20,"Day 1827","bicep"
"1831",2026-06-21,"Day 1828","tenor"
"1832",2026-06-22,"Day 1829","krill"
"1833",2026-06-23,"Day 1830","worse"
"1834",2026-06-24,"Day 1831","drama"
"1835",2026-06-25,"Day 1832","hyena"
"1836",2026-06-26,"Day 1833","think"
"1837",2026-06-27,"Day 1834","ratio"
"1838",2026-06-28,"Day 1835","cobra"
"1839",2026-06-29,"Day 1836","basil"
"1840",2026-06-30,"Day 1837","scrum"
"1841",2026-07-01,"Day 1838","bused"
"1842",2026-07-02,"Day 1839","phone"
"1843",2026-07-03,"Day 1840","court"
"1844",2026-07-04,"Day 1841","camel"
"1845",2026-07-05,"Day 1842","proof"
"1846",2026-07-06,"Day 1843","heard"
"1847",2026-07-07,"Day 1844","angel"
"1848",2026-07-08,"Day 1845","petal"
"1849",2026-07-09,"Day 1846","pouty"
"1850",2026-07-10,"Day 1847","throb"
"1851",2026-07-11,"Day 1848","maybe"
"1852",2026-07-12,"Day 1849","fetal"
"1853",2026-07-13,"Day 1850","sprig"
"1854",2026-07-14,"Day 1851","spine"
"1855",2026-07-15,"Day 1852","shout"
"1856",2026-07-16,"Day 1853","cadet"
"1857",2026-07-17,"Day 1854","macro"
"1858",2026-07-18,"Day 1855","dodgy"
"1859",2026-07-19,"Day 1856","satyr"
"1860",2026-07-20,"Day 1857","rarer"
"1861",2026-07-21,"Day 1858","binge"
"1862",2026-07-22,"Day 1859","trend"
"1863",2026-07-23,"Day 1860","nutty"
"1864",2026-07-24,"Day 1861","leapt"
"1865",2026-07-25,"Day 1862","amiss"
"1866",2026-07-26,"Day 1863","split"
"1867",2026-07-27,"Day 1864","myrrh"
"1868",2026-07-28,"Day 1865","width"
"1869",2026-07-29,"Day 1866","sonar"
"1870",2026-07-30,"Day 1867","tower"
"1871",2026-07-31,"Day 1868","baron"
"1872",2026-08-01,"Day 1869","fever"
"1873",2026-08-02,"Day 1870","waver"
"1874",2026-08-03,"Day 1871","spark"
"1875",2026-08-04,"Day 1872","belie"
"1876",2026-08-05,"Day 1873","sloop"
"1877",2026-08-06,"Day 1874","expel"
"1878",2026-08-07,"Day 1875","smote"
"1879",2026-08-08,"Day 1876","baler"
"1880",2026-08-09,"Day 1877","above"
"1881",2026-08-10,"Day 1878","north"
"1882",2026-08-11,"Day 1879","wafer"
"1883",2026-08-12,"Day 1880","scant"
"1884",2026-08-13,"Day 1881","frill"
"1885",2026-08-14,"Day 1882","awash"
"1886",2026-08-15,"Day 1883","snack"
"1887",2026-08-16,"Day 1884","scowl"
"1888",2026-08-17,"Day 1885","frail"
"1889",2026-08-18,"Day 1886","drift"
"1890",2026-08-19,"Day 1887","limbo"
"1891",2026-08-20,"Day 1888","fence"
"1892",2026-08-21,"Day 1889","motel"
"1893",2026-08-22,"Day 1890","ounce"
"1894",2026-08-23,"Day 1891","wreak"
"1895",2026-08-24,"Day 1892","revel"
"1896",2026-08-25,"Day 1893","talon"
"1897",2026-08-26,"Day 1894","prior"
"1898",2026-08-27,"Day 1895","knelt"
"1899",2026-08-28,"Day 1896","cello"
"1900",2026-08-29,"Day 1897","flake"
"1901",2026-08-30,"Day 1898","debug"
"1902",2026-08-31,"Day 1899","anode"
"1903",2026-09-01,"Day 1900","crime"
"1904",2026-09-02,"Day 1901","salve"
"1905",2026-09-03,"Day 1902","scout"
"1906",2026-09-04,"Day 1903","imbue"
"1907",2026-09-05,"Day 1904","pinky"
"1908",2026-09-06,"Day 1905","stave"
"1909",2026-09-07,"Day 1906","vague"
"1910",2026-09-08,"Day 1907","chock"
"1911",2026-09-09,"Day 1908","fight"
"1912",2026-09-10,"Day 1909","video"
"1913",2026-09-11,"Day 1910","stone"
"1914",2026-09-12,"Day 1911","teach"
"1915",2026-09-13,"Day 1912","cleft"
"1916",2026-09-14,"Day 1913","frost"
"1917",2026-09-15,"Day 1914","prawn"
"1918",2026-09-16,"Day 1915","booty"
"1919",2026-09-17,"Day 1916","twist"
"1920",2026-09-18,"Day 1917","apnea"
"1921",2026-09-19,"Day 1918","stiff"
"1922",2026-09-20,"Day 1919","plaza"
"1923",2026-09-21,"Day 1920","ledge"
"1924",2026-09-22,"Day 1921","tweak"
"1925",2026-09-23,"Day 1922","board"
"1926",2026-09-24,"Day 1923","grant"
"1927",2026-09-25,"Day 1924","medic"
"1928",2026-09-26,"Day 1925","bacon"
"1929",2026-09-27,"Day 1926","cable"
"1930",2026-09-28,"Day 1927","brawl"
"1931",2026-09-29,"Day 1928","slunk"
"1932",2026-09-30,"Day 1929","raspy"
"1933",2026-10-01,"Day 1930","forum"
"1934",2026-10-02,"Day 1931","drone"
"1935",2026-10-03,"Day 1932","women"
"1936",2026-10-04,"Day 1933","mucus"
"1937",2026-10-05,"Day 1934","boast"
"1938",2026-10-06,"Day 1935","toddy"
"1939",2026-10-07,"Day 1936","coven"
"1940",2026-10-08,"Day 1937","tumor"
"1941",2026-10-09,"Day 1938","truer"
"1942",2026-10-10,"Day 1939","wrath"
"1943",2026-10-11,"Day 1940","stall"
"1944",2026-10-12,"Day 1941","steam"
"1945",2026-10-13,"Day 1942","axial"
"1946",2026-10-14,"Day 1943","purer"
"1947",2026-10-15,"Day 1944","daily"
"1948",2026-10-16,"Day 1945","trail"
"1949",2026-10-17,"Day 1946","niche"
"1950",2026-10-18,"Day 1947","mealy"
"1951",2026-10-19,"Day 1948","juice"
"1952",2026-10-20,"Day 1949","nylon"
"1953",2026-10-21,"Day 1950","plump"
"1954",2026-10-22,"Day 1951","merry"
"1955",2026-10-23,"Day 1952","flail"
"1956",2026-10-24,"Day 1953","papal"
"1957",2026-10-25,"Day 1954","wheat"
"1958",2026-10-26,"Day 1955","berry"
"1959",2026-10-27,"Day 1956","cower"
"1960",2026-10-28,"Day 1957","erect"
"1961",2026-10-29,"Day 1958","brute"
"1962",2026-10-30,"Day 1959","leggy"
"1963",2026-10-31,"Day 1960","snipe"
"1964",2026-11-01,"Day 1961","sinew"
"1965",2026-11-02,"Day 1962","skier"
"1966",2026-11-03,"Day 1963","penny"
"1967",2026-11-04,"Day 1964","jumpy"
"1968",2026-11-05,"Day 1965","rally"
"1969",2026-11-06,"Day 1966","umbra"
"1970",2026-11-07,"Day 1967","scary"
"1971",2026-11-08,"Day 1968","modem"
"1972",2026-11-09,"Day 1969","gross"
"1973",2026-11-10,"Day 1970","avian"
"1974",2026-11-11,"Day 1971","greed"
"1975",2026-11-12,"Day 1972","satin"
"1976",2026-11-13,"Day 1973","tonic"
"1977",2026-11-14,"Day 1974","parka"
"1978",2026-11-15,"Day 1975","sniff"
"1979",2026-11-16,"Day 1976","livid"
"1980",2026-11-17,"Day 1977","stark"
"1981",2026-11-18,"Day 1978","trump"
"1982",2026-11-19,"Day 1979","giddy"
"1983",2026-11-20,"Day 1980","reuse"
"1984",2026-11-21,"Day 1981","taboo"
"1985",2026-11-22,"Day 1982","avoid"
"1986",2026-11-23,"Day 1983","quote"
"1987",2026-11-24,"Day 1984","devil"
"1988",2026-11-25,"Day 1985","liken"
"1989",2026-11-26,"Day 1986","gloss"
"1990",2026-11-27,"Day 1987","gayer"
"1991",2026-11-28,"Day 1988","beret"
"1992",2026-11-29,"Day 1989","noise"
"1993",2026-11-30,"Day 1990","gland"
"1994",2026-12-01,"Day 1991","dealt"
"1995",2026-12-02,"Day 1992","sling"
"1996",2026-12-03,"Day 1993","rumor"
"1997",2026-12-04,"Day 1994","opera"
"1998",2026-12-05,"Day 1995","thigh"
"1999",2026-12-06,"Day 1996","tonga"
"2000",2026-12-07,"Day 1997","flare"
"2001",2026-12-08,"Day 1998","wound"
"2002",2026-12-09,"Day 1999","white"
"2003",2026-12-10,"Day 2000","bulky"
"2004",2026-12-11,"Day 2001","etude"
"2005",2026-12-12,"Day 2002","horse"
"2006",2026-12-13,"Day 2003","circa"
"2007",2026-12-14,"Day 2004","paddy"
"2008",2026-12-15,"Day 2005","inbox"
"2009",2026-12-16,"Day 2006","fizzy"
"2010",2026-12-17,"Day 2007","grain"
"2011",2026-12-18,"Day 2008","exert"
"2012",2026-12-19,"Day 2009","surge"
"2013",2026-12-20,"Day 2010","gleam"
"2014",2026-12-21,"Day 2011","belle"
"2015",2026-12-22,"Day 2012","salvo"
"2016",2026-12-23,"Day 2013","crush"
"2017",2026-12-24,"Day 2014","fruit"
"2018",2026-12-25,"Day 2015","sappy"
"2019",2026-12-26,"Day 2016","taker"
"2020",2026-12-27,"Day 2017","tract"
"2021",2026-12-28,"Day 2018","ovine"
"2022",2026-12-29,"Day 2019","spiky"
"2023",2026-12-30,"Day 2020","frank"
"2024",2026-12-31,"Day 2021","reedy"
"2025",2027-01-01,"Day 2022","filth"
"2026",2027-01-02,"Day 2023","spasm"
"2027",2027-01-03,"Day 2024","heave"
"2028",2027-01-04,"Day 2025","mambo"
"2029",2027-01-05,"Day 2026","right"
"2030",2027-01-06,"Day 2027","clank"
"2031",2027-01-07,"Day 2028","trust"
"2032",2027-01-08,"Day 2029","lumen"
"2033",2027-01-09,"Day 2030","borne"
"2034",2027-01-10,"Day 2031","spook"
"2035",2027-01-11,"Day 2032","sauce"
"2036",2027-01-12,"Day 2033","amber"
"2037",2027-01-13,"Day 2034","lathe"
"2038",2027-01-14,"Day 2035","carat"
"2039",2027-01-15,"Day 2036","corer"
"2040",2027-01-16,"Day 2037","dirty"
"2041",2027-01-17,"Day 2038","slyly"
"2042",2027-01-18,"Day 2039","affix"
"2043",2027-01-19,"Day 2040","alloy"
"2044",2027-01-20,"Day 2041","taint"
"2045",2027-01-21,"Day 2042","sheep"
"2046",2027-01-22,"Day 2043","kinky"
"2047",2027-01-23,"Day 2044","wooly"
"2048",2027-01-24,"Day 2045","mauve"
"2049",2027-01-25,"Day 2046","flung"
"2050",2027-01-26,"Day 2047","yacht"
"2051",2027-01-27,"Day 2048","fried"
"2052",2027-01-28,"Day 2049","quail"
"2053",2027-01-29,"Day 2050","brunt"
"2054",2027-01-30,"Day 2051","grimy"
"2055",2027-01-31,"Day 2052","curvy"
"2056",2027-02-01,"Day 2053","cagey"
"2057",2027-02-02,"Day 2054","rinse"
"2058",2027-02-03,"Day 2055","deuce"
"2059",2027-02-04,"Day 2056","state"
"2060",2027-02-05,"Day 2057","grasp"
"2061",2027-02-06,"Day 2058","milky"
"2062",2027-02-07,"Day 2059","bison"
"2063",2027-02-08,"Day 2060","graft"
"2064",2027-02-09,"Day 2061","sandy"
"2065",2027-02-10,"Day 2062","baste"
"2066",2027-02-11,"Day 2063","flask"
"2067",2027-02-12,"Day 2064","hedge"
"2068",2027-02-13,"Day 2065","girly"
"2069",2027-02-14,"Day 2066","swash"
"2070",2027-02-15,"Day 2067","boney"
"2071",2027-02-16,"Day 2068","coupe"
"2072",2027-02-17,"Day 2069","endow"
"2073",2027-02-18,"Day 2070","abhor"
"2074",2027-02-19,"Day 2071","welch"
"2075",2027-02-20,"Day 2072","blade"
"2076",2027-02-21,"Day 2073","tight"
"2077",2027-02-22,"Day 2074","geese"
"2078",2027-02-23,"Day 2075","miser"
"2079",2027-02-24,"Day 2076","mirth"
"2080",2027-02-25,"Day 2077","cloud"
"2081",2027-02-26,"Day 2078","cabal"
"2082",2027-02-27,"Day 2079","leech"
"2083",2027-02-28,"Day 2080","close"
"2084",2027-03-01,"Day 2081","tenth"
"2085",2027-03-02,"Day 2082","pecan"
"2086",2027-03-03,"Day 2083","droit"
"2087",2027-03-04,"Day 2084","grail"
"2088",2027-03-05,"Day 2085","clone"
"2089",2027-03-06,"Day 2086","guise"
"2090",2027-03-07,"Day 2087","ralph"
"2091",2027-03-08,"Day 2088","tango"
"2092",2027-03-09,"Day 2089","biddy"
"2093",2027-03-10,"Day 2090","smith"
"2094",2027-03-11,"Day 2091","mower"
"2095",2027-03-12,"Day 2092","payee"
"2096",2027-03-13,"Day 2093","serif"
"2097",2027-03-14,"Day 2094","drape"
"2098",2027-03-15,"Day 2095","fifth"
"2099",2027-03-16,"Day 2096","spank"
"2100",2027-03-17,"Day 2097","glaze"
"2101",2027-03-18,"Day 2098","allot"
"2102",2027-03-19,"Day 2099","truck"
"2103",2027-03-20,"Day 2100","kayak"
"2104",2027-03-21,"Day 2101","virus"
"2105",2027-03-22,"Day 2102","testy"
"2106",2027-03-23,"Day 2103","tepee"
"2107",2027-03-24,"Day 2104","fully"
"2108",2027-03-25,"Day 2105","zonal"
"2109",2027-03-26,"Day 2106","metro"
"2110",2027-03-27,"Day 2107","curry"
"2111",2027-03-28,"Day 2108","grand"
"2112",2027-03-29,"Day 2109","banjo"
"2113",2027-03-30,"Day 2110","axion"
"2114",2027-03-31,"Day 2111","bezel"
"2115",2027-04-01,"Day 2112","occur"
"2116",2027-04-02,"Day 2113","chain"
"2117",2027-04-03,"Day 2114","nasal"
"2118",2027-04-04,"Day 2115","gooey"
"2119",2027-04-05,"Day 2116","filer"
"2120",2027-04-06,"Day 2117","brace"
"2121",2027-04-07,"Day 2118","allay"
"2122",2027-04-08,"Day 2119","pubic"
"2123",2027-04-09,"Day 2120","raven"
"2124",2027-04-10,"Day 2121","plead"
"2125",2027-04-11,"Day 2122","gnash"
"2126",2027-04-12,"Day 2123","flaky"
"2127",2027-04-13,"Day 2124","munch"
"2128",2027-04-14,"Day 2125","dully"
"2129",2027-04-15,"Day 2126","eking"
"2130",2027-04-16,"Day 2127","thing"
"2131",2027-04-17,"Day 2128","slink"
"2132",2027-04-18,"Day 2129","hurry"
"2133",2027-04-19,"Day 2130","theft"
"2134",2027-04-20,"Day 2131","shorn"
"2135",2027-04-21,"Day 2132","pygmy"
"2136",2027-04-22,"Day 2133","ranch"
"2137",2027-04-23,"Day 2134","wring"
"2138",2027-04-24,"Day 2135","lemon"
"2139",2027-04-25,"Day 2136","shore"
"2140",2027-04-26,"Day 2137","mamma"
"2141",2027-04-27,"Day 2138","froze"
"2142",2027-04-28,"Day 2139","newer"
"2143",2027-04-29,"Day 2140","style"
"2144",2027-04-30,"Day 2141","moose"
"2145",2027-05-01,"Day 2142","antic"
"2146",2027-05-02,"Day 2143","drown"
"2147",2027-05-03,"Day 2144","vegan"
"2148",2027-05-04,"Day 2145","chess"
"2149",2027-05-05,"Day 2146","guppy"
"2150",2027-05-06,"Day 2147","union"
"2151",2027-05-07,"Day 2148","lever"
"2152",2027-05-08,"Day 2149","lorry"
"2153",2027-05-09,"Day 2150","image"
"2154",2027-05-10,"Day 2151","cabby"
"2155",2027-05-11,"Day 2152","druid"
"2156",2027-05-12,"Day 2153","exact"
"2157",2027-05-13,"Day 2154","truth"
"2158",2027-05-14,"Day 2155","dopey"
"2159",2027-05-15,"Day 2156","spear"
"2160",2027-05-16,"Day 2157","cried"
"2161",2027-05-17,"Day 2158","chime"
"2162",2027-05-18,"Day 2159","crony"
"2163",2027-05-19,"Day 2160","stunk"
"2164",2027-05-20,"Day 2161","timid"
"2165",2027-05-21,"Day 2162","batch"
"2166",2027-05-22,"Day 2163","gauge"
"2167",2027-05-23,"Day 2164","rotor"
"2168",2027-05-24,"Day 2165","crack"
"2169",2027-05-25,"Day 2166","curve"
"2170",2027-05-26,"Day 2167","latte"
"2171",2027-05-27,"Day 2168","witch"
"2172",2027-05-28,"Day 2169","bunch"
"2173",2027-05-29,"Day 2170","repel"
"2174",2027-05-30,"Day 2171","anvil"
"2175",2027-05-31,"Day 2172","soapy"
"2176",2027-06-01,"Day 2173","meter"
"2177",2027-06-02,"Day 2174","broth"
"2178",2027-06-03,"Day 2175","madly"
"2179",2027-06-04,"Day 2176","dried"
"2180",2027-06-05,"Day 2177","scene"
"2181",2027-06-06,"Day 2178","known"
"2182",2027-06-07,"Day 2179","magma"
"2183",2027-06-08,"Day 2180","roost"
"2184",2027-06-09,"Day 2181","woman"
"2185",2027-06-10,"Day 2182","thong"
"2186",2027-06-11,"Day 2183","punch"
"2187",2027-06-12,"Day 2184","pasty"
"2188",2027-06-13,"Day 2185","downy"
"2189",2027-06-14,"Day 2186","knead"
"2190",2027-06-15,"Day 2187","whirl"
"2191",2027-06-16,"Day 2188","rapid"
"2192",2027-06-17,"Day 2189","clang"
"2193",2027-06-18,"Day 2190","anger"
"2194",2027-06-19,"Day 2191","drive"
"2195",2027-06-20,"Day 2192","goofy"
"2196",2027-06-21,"Day 2193","email"
"2197",2027-06-22,"Day 2194","music"
"2198",2027-06-23,"Day 2195","stuff"
"2199",2027-06-24,"Day 2196","bleep"
"2200",2027-06-25,"Day 2197","rider"
"2201",2027-06-26,"Day 2198","mecca"
"2202",2027-06-27,"Day 2199","folio"
"2203",2027-06-28,"Day 2200","setup"
"2204",2027-06-29,"Day 2201","verso"
"2205",2027-06-30,"Day 2202","quash"
"2206",2027-07-01,"Day 2203","fauna"
"2207",2027-07-02,"Day 2204","gummy"
"2208",2027-07-03,"Day 2205","happy"
"2209",2027-07-04,"Day 2206","newly"
"2210",2027-07-05,"Day 2207","fussy"
"2211",2027-07-06,"Day 2208","relic"
"2212",2027-07-07,"Day 2209","guava"
"2213",2027-07-08,"Day 2210","ratty"
"2214",2027-07-09,"Day 2211","fudge"
"2215",2027-07-10,"Day 2212","femur"
"2216",2027-07-11,"Day 2213","chirp"
"2217",2027-07-12,"Day 2214","forte"
"2218",2027-07-13,"Day 2215","alibi"
"2219",2027-07-14,"Day 2216","whine"
"2220",2027-07-15,"Day 2217","petty"
"2221",2027-07-16,"Day 2218","golly"
"2222",2027-07-17,"Day 2219","plait"
"2223",2027-07-18,"Day 2220","fleck"
"2224",2027-07-19,"Day 2221","felon"
"2225",2027-07-20,"Day 2222","gourd"
"2226",2027-07-21,"Day 2223","brown"
"2227",2027-07-22,"Day 2224","thrum"
"2228",2027-07-23,"Day 2225","ficus"
"2229",2027-07-24,"Day 2226","stash"
"2230",2027-07-25,"Day 2227","decry"
"2231",2027-07-26,"Day 2228","wiser"
"2232",2027-07-27,"Day 2229","junta"
"2233",2027-07-28,"Day 2230","visor"
"2234",2027-07-29,"Day 2231","daunt"
"2235",2027-07-30,"Day 2232","scree"
"2236",2027-07-31,"Day 2233","impel"
"2237",2027-08-01,"Day 2234","await"
"2238",2027-08-02,"Day 2235","press"
"2239",2027-08-03,"Day 2236","whose"
"2240",2027-08-04,"Day 2237","turbo"
"2241",2027-08-05,"Day 2238","stoop"
"2242",2027-08-06,"Day 2239","speak"
"2243",2027-08-07,"Day 2240","mangy"
"2244",2027-08-08,"Day 2241","eying"
"2245",2027-08-09,"Day 2242","inlet"
"2246",2027-08-10,"Day 2243","crone"
"2247",2027-08-11,"Day 2244","pulse"
"2248",2027-08-12,"Day 2245","mossy"
"2249",2027-08-13,"Day 2246","staid"
"2250",2027-08-14,"Day 2247","hence"
"2251",2027-08-15,"Day 2248","pinch"
"2252",2027-08-16,"Day 2249","teddy"
"2253",2027-08-17,"Day 2250","sully"
"2254",2027-08-18,"Day 2251","snore"
"2255",2027-08-19,"Day 2252","ripen"
"2256",2027-08-20,"Day 2253","snowy"
"2257",2027-08-21,"Day 2254","attic"
"2258",2027-08-22,"Day 2255","going"
"2259",2027-08-23,"Day 2256","leach"
"2260",2027-08-24,"Day 2257","mouth"
"2261",2027-08-25,"Day 2258","hound"
"2262",2027-08-26,"Day 2259","clump"
"2263",2027-08-27,"Day 2260","tonal"
"2264",2027-08-28,"Day 2261","bigot"
"2265",2027-08-29,"Day 2262","peril"
"2266",2027-08-30,"Day 2263","piece"
"2267",2027-08-31,"Day 2264","blame"
"2268",2027-09-01,"Day 2265","haute"
"2269",2027-09-02,"Day 2266","spied"
"2270",2027-09-03,"Day 2267","undid"
"2271",2027-09-04,"Day 2268","intro"
"2272",2027-09-05,"Day 2269","basal"
"2273",2027-09-06,"Day 2270","shine"
"2274",2027-09-07,"Day 2271","gecko"
"2275",2027-09-08,"Day 2272","rodeo"
"2276",2027-09-09,"Day 2273","guard"
"2277",2027-09-10,"Day 2274","steer"
"2278",2027-09-11,"Day 2275","loamy"
"2279",2027-09-12,"Day 2276","scamp"
"2280",2027-09-13,"Day 2277","scram"
"2281",2027-09-14,"Day 2278","manly"
"2282",2027-09-15,"Day 2279","hello"
"2283",2027-09-16,"Day 2280","vaunt"
"2284",2027-09-17,"Day 2281","organ"
"2285",2027-09-18,"Day 2282","feral"
"2286",2027-09-19,"Day 2283","knock"
"2287",2027-09-20,"Day 2284","extra"
"2288",2027-09-21,"Day 2285","condo"
"2289",2027-09-22,"Day 2286","adapt"
"2290",2027-09-23,"Day 2287","willy"
"2291",2027-09-24,"Day 2288","polka"
"2292",2027-09-25,"Day 2289","rayon"
"2293",2027-09-26,"Day 2290","skirt"
"2294",2027-09-27,"Day 2291","faith"
"2295",2027-09-28,"Day 2292","torso"
"2296",2027-09-29,"Day 2293","match"
"2297",2027-09-30,"Day 2294","mercy"
"2298",2027-10-01,"Day 2295","tepid"
"2299",2027-10-02,"Day 2296","sleek"
"2300",2027-10-03,"Day 2297","riser"
"2301",2027-10-04,"Day 2298","twixt"
"2302",2027-10-05,"Day 2299","peace"
"2303",2027-10-06,"Day 2300","flush"
"2304",2027-10-07,"Day 2301","catty"
"2305",2027-10-08,"Day 2302","login"
"2306",2027-10-09,"Day 2303","eject"
"2307",2027-10-10,"Day 2304","roger"
"2308",2027-10-11,"Day 2305","rival"
"2309",2027-10-12,"Day 2306","untie"
"2310",2027-10-13,"Day 2307","refit"
"2311",2027-10-14,"Day 2308","aorta"
"2312",2027-10-15,"Day 2309","adult"
"2313",2027-10-16,"Day 2310","judge"
"2314",2027-10-17,"Day 2311","rower"
"2315",2027-10-18,"Day 2312","artsy"
"2316",2027-10-19,"Day 2313","rural"
"2317",2027-10-20,"Day 2314","shave"
